<?xml version='1.0' encoding='UTF-8'?>
<?artifactRepository version='1.1.0'?>
<repository name='Repository with p2 Director Bundles' type='org.eclipse.equinox.p2.artifact.repository.simpleRepository' version='1'>
  <properties size='2'>
    <property name='p2.timestamp' value='1553287550124'/>
    <property name='publishPackFilesAsSiblings' value='true'/>
  </properties>
  <mappings size='5'>
    <rule filter='(&amp; (classifier=osgi.bundle) (format=packed))' output='${repoUrl}/plugins/${id}_${version}.jar.pack.gz'/>
    <rule filter='(&amp; (classifier=osgi.bundle))' output='${repoUrl}/plugins/${id}_${version}.jar'/>
    <rule filter='(&amp; (classifier=binary))' output='${repoUrl}/binary/${id}_${version}'/>
    <rule filter='(&amp; (classifier=org.eclipse.update.feature) (format=packed))' output='${repoUrl}/features/${id}_${version}.jar.pack.gz'/>
    <rule filter='(&amp; (classifier=org.eclipse.update.feature))' output='${repoUrl}/features/${id}_${version}.jar'/>
  </mappings>
  <artifacts size='54'>
    <artifact classifier='osgi.bundle' id='org.eclipse.osgi.compatibility.state' version='1.1.400.v20190208-1533'>
      <properties size='5'>
        <property name='download.size' value='244997'/>
        <property name='artifact.size' value='244997'/>
        <property name='download.md5' value='332bac29393716214623e7f13bbec70d'/>
        <property name='download.checksum.md5' value='332bac29393716214623e7f13bbec70d'/>
        <property name='download.checksum.sha-256' value='2acce796e324403a299b10a5bdc53ea84afa73eb305f3707294a07040a20bfc2'/>
      </properties>
    </artifact>
    <artifact classifier='osgi.bundle' id='org.sat4j.pb' version='2.3.5.v201404071733'>
      <properties size='5'>
        <property name='download.size' value='241956'/>
        <property name='artifact.size' value='241956'/>
        <property name='download.md5' value='76494edaecd18849bb6044f6bda5fc9e'/>
        <property name='download.checksum.md5' value='76494edaecd18849bb6044f6bda5fc9e'/>
        <property name='download.checksum.sha-256' value='28437a7c07a14db84b7a11ca04c32d78cc7bd42f0eb64c287e364c784394bbdc'/>
      </properties>
    </artifact>
    <artifact classifier='osgi.bundle' id='org.eclipse.equinox.p2.garbagecollector' version='1.1.100.v20180822-1302'>
      <properties size='5'>
        <property name='download.size' value='25665'/>
        <property name='artifact.size' value='25665'/>
        <property name='download.md5' value='0d68870611d77cca1b02df638452bce3'/>
        <property name='download.checksum.md5' value='0d68870611d77cca1b02df638452bce3'/>
        <property name='download.checksum.sha-256' value='4205184464ab2b3cf5b7566f0617971f5d79d8182889fea5b5486fb08d091e6a'/>
      </properties>
    </artifact>
    <artifact classifier='osgi.bundle' id='org.eclipse.osgi' version='3.13.300.v20190218-1622'>
      <properties size='5'>
        <property name='download.size' value='1448385'/>
        <property name='artifact.size' value='1448385'/>
        <property name='download.md5' value='8004fa8259f5c426a206cd33df715608'/>
        <property name='download.checksum.md5' value='8004fa8259f5c426a206cd33df715608'/>
        <property name='download.checksum.sha-256' value='91ff48b63a21cd168bfbf908796b16dc275ddc67633b1f458cd6248c0305d1c2'/>
      </properties>
    </artifact>
    <artifact classifier='osgi.bundle' id='org.eclipse.core.jobs' version='3.10.300.v20190215-2048'>
      <properties size='5'>
        <property name='download.size' value='107379'/>
        <property name='artifact.size' value='107379'/>
        <property name='download.md5' value='85a8fad96b095ff8222c2c2c691deed8'/>
        <property name='download.checksum.md5' value='85a8fad96b095ff8222c2c2c691deed8'/>
        <property name='download.checksum.sha-256' value='61cd6c6d52669a16659199ec2f8163c5e4996e514849d4da51eab506e9ef3254'/>
      </properties>
    </artifact>
    <artifact classifier='osgi.bundle' id='org.eclipse.equinox.frameworkadmin.equinox' version='1.1.100.v20180822-1258'>
      <properties size='5'>
        <property name='download.size' value='67578'/>
        <property name='artifact.size' value='67578'/>
        <property name='download.md5' value='e3bd20d084635389cbac0531625d30d5'/>
        <property name='download.checksum.md5' value='e3bd20d084635389cbac0531625d30d5'/>
        <property name='download.checksum.sha-256' value='27dca426e15b1cec65bbc27d47da88d43cb28c20c4afadb04b878d133961af0b'/>
      </properties>
    </artifact>
    <artifact classifier='osgi.bundle' id='org.eclipse.equinox.app' version='1.4.100.v20190215-2139'>
      <properties size='5'>
        <property name='download.size' value='88355'/>
        <property name='artifact.size' value='88355'/>
        <property name='download.md5' value='cd443a006d6e567a7b18a8f8c95a5cea'/>
        <property name='download.checksum.md5' value='cd443a006d6e567a7b18a8f8c95a5cea'/>
        <property name='download.checksum.sha-256' value='d195e51a3e3859744b429088ec355a791513d9773f72e30e3f3e2ad4422fcb32'/>
      </properties>
    </artifact>
    <artifact classifier='osgi.bundle' id='org.eclipse.equinox.preferences' version='3.7.300.v20190218-2100'>
      <properties size='5'>
        <property name='download.size' value='133505'/>
        <property name='artifact.size' value='133505'/>
        <property name='download.md5' value='0b39c2a5db7241390dc7da4413ab4067'/>
        <property name='download.checksum.md5' value='0b39c2a5db7241390dc7da4413ab4067'/>
        <property name='download.checksum.sha-256' value='3d70d80571110d4624ff39bf7e1e49dda39431352eaa0341e2dba21bfa422ef4'/>
      </properties>
    </artifact>
    <artifact classifier='osgi.bundle' id='org.eclipse.equinox.p2.repository' version='2.4.300.v20190215-2242'>
      <properties size='5'>
        <property name='download.size' value='141823'/>
        <property name='artifact.size' value='141823'/>
        <property name='download.md5' value='1203685986e96b7ffbb10cbd3958812d'/>
        <property name='download.checksum.md5' value='1203685986e96b7ffbb10cbd3958812d'/>
        <property name='download.checksum.sha-256' value='30e721eb5948c56c56943c16edb9bdbfb5855423576449ef25e99fdad58dc737'/>
      </properties>
    </artifact>
    <artifact classifier='osgi.bundle' id='org.sat4j.core' version='2.3.5.v201308161310'>
      <properties size='5'>
        <property name='download.size' value='362968'/>
        <property name='artifact.size' value='362968'/>
        <property name='download.md5' value='797ce277f3dd2acb14f066fc1da203b9'/>
        <property name='download.checksum.md5' value='797ce277f3dd2acb14f066fc1da203b9'/>
        <property name='download.checksum.sha-256' value='baf6a1e5af6a66fbd4e46e7bdee67ed74c7530adca5d016bc3ee544c4d5f7ddf'/>
      </properties>
    </artifact>
    <artifact classifier='osgi.bundle' id='org.apache.commons.logging' version='1.2.0.v20180409-1502'>
      <properties size='5'>
        <property name='download.size' value='73163'/>
        <property name='artifact.size' value='73163'/>
        <property name='download.md5' value='8e263d3b13a0115210cbc9b02ed5809d'/>
        <property name='download.checksum.md5' value='8e263d3b13a0115210cbc9b02ed5809d'/>
        <property name='download.checksum.sha-256' value='d01b932f01fd623a0d34cc00137edd0f05270b52c4a32cc8e927c911791d9e20'/>
      </properties>
    </artifact>
    <artifact classifier='osgi.bundle' id='org.eclipse.equinox.p2.touchpoint.eclipse' version='2.2.300.v20190215-2242'>
      <properties size='5'>
        <property name='download.size' value='131731'/>
        <property name='artifact.size' value='131731'/>
        <property name='download.md5' value='4fc64cc7193069beab2b320e80192714'/>
        <property name='download.checksum.md5' value='4fc64cc7193069beab2b320e80192714'/>
        <property name='download.checksum.sha-256' value='666d570f6611af2094374265632795f681be49e097fe3d2d1e7ae8ccee88a2cf'/>
      </properties>
    </artifact>
    <artifact classifier='osgi.bundle' id='org.eclipse.ecf.filetransfer' version='5.0.100.v20180301-0132'>
      <properties size='5'>
        <property name='download.size' value='53281'/>
        <property name='artifact.size' value='53281'/>
        <property name='download.md5' value='d6e1c702dbdc3aa6e8a3c5be1866ee65'/>
        <property name='download.checksum.md5' value='d6e1c702dbdc3aa6e8a3c5be1866ee65'/>
        <property name='download.checksum.sha-256' value='bf6606ffce9734dd0ae4165f53b0e3a638a9f0b684740fd9cd514919e537ea41'/>
      </properties>
    </artifact>
    <artifact classifier='osgi.bundle' id='org.eclipse.ecf.provider.filetransfer.ssl' version='1.0.100.v20180301-0132'>
      <properties size='5'>
        <property name='download.size' value='9929'/>
        <property name='artifact.size' value='9929'/>
        <property name='download.md5' value='2c6a9a4770ea5e311575eac133a5cea3'/>
        <property name='download.checksum.md5' value='2c6a9a4770ea5e311575eac133a5cea3'/>
        <property name='download.checksum.sha-256' value='2d0d81e262c59b366dc9c0a6e75674d8faa919e905a7345f86a87d22e4804dcb'/>
      </properties>
    </artifact>
    <artifact classifier='osgi.bundle' id='org.eclipse.ecf' version='3.9.3.v20181012-2016'>
      <properties size='5'>
        <property name='download.size' value='124304'/>
        <property name='artifact.size' value='124304'/>
        <property name='download.md5' value='f030979a6267fbb1c9203135eb709c53'/>
        <property name='download.checksum.md5' value='f030979a6267fbb1c9203135eb709c53'/>
        <property name='download.checksum.sha-256' value='3ddf53ba0a3c8b4cceacea20300f93aea8fb8aed9f4cc10a4aa2a64695b7e8d1'/>
      </properties>
    </artifact>
    <artifact classifier='osgi.bundle' id='org.eclipse.equinox.p2.metadata.repository' version='1.3.100.v20180822-1302'>
      <properties size='5'>
        <property name='download.size' value='133540'/>
        <property name='artifact.size' value='133540'/>
        <property name='download.md5' value='e8352c2b314c9d02b999de7172f89361'/>
        <property name='download.checksum.md5' value='e8352c2b314c9d02b999de7172f89361'/>
        <property name='download.checksum.sha-256' value='759106c0987cdec738d8c5abccb54fb5e5a37fc9c8f6445b7cfcd6e9bd82b355'/>
      </properties>
    </artifact>
    <artifact classifier='osgi.bundle' id='org.eclipse.equinox.p2.director.app' version='1.1.200.v20180822-1302'>
      <properties size='5'>
        <property name='download.size' value='57612'/>
        <property name='artifact.size' value='57612'/>
        <property name='download.md5' value='e0bad9dcbd7d54d83897c81b2b18fb82'/>
        <property name='download.checksum.md5' value='e0bad9dcbd7d54d83897c81b2b18fb82'/>
        <property name='download.checksum.sha-256' value='42c076c9ec18206f86734e2675a76db03e36a6fbbd10bb1d7d7b114aff23a44a'/>
      </properties>
    </artifact>
    <artifact classifier='osgi.bundle' id='org.eclipse.equinox.p2.core' version='2.6.0.v20190215-2242'>
      <properties size='5'>
        <property name='download.size' value='76692'/>
        <property name='artifact.size' value='76692'/>
        <property name='download.md5' value='bf4c2962a93d53c28481039dd66e4587'/>
        <property name='download.checksum.md5' value='bf4c2962a93d53c28481039dd66e4587'/>
        <property name='download.checksum.sha-256' value='b1dff9717a01021445c652afe74dece1b630dff1d46e8a0db614df4a0b88e25e'/>
      </properties>
    </artifact>
    <artifact classifier='osgi.bundle' id='org.eclipse.equinox.p2.metadata' version='2.4.300.v20190215-2242'>
      <properties size='5'>
        <property name='download.size' value='360100'/>
        <property name='artifact.size' value='360100'/>
        <property name='download.md5' value='fe5b969ce28e198e5722cb2781ad724f'/>
        <property name='download.checksum.md5' value='fe5b969ce28e198e5722cb2781ad724f'/>
        <property name='download.checksum.sha-256' value='d45cd82f4aacee869870ba8a8c50fc38da1b8e81d40a867a0b04b67c2f95a882'/>
      </properties>
    </artifact>
    <artifact classifier='osgi.bundle' id='org.eclipse.equinox.p2.transport.ecf' version='1.2.100.v20180822-1354'>
      <properties size='5'>
        <property name='download.size' value='44271'/>
        <property name='artifact.size' value='44271'/>
        <property name='download.md5' value='985ab2f5d52d98bb4df832f734f421ac'/>
        <property name='download.checksum.md5' value='985ab2f5d52d98bb4df832f734f421ac'/>
        <property name='download.checksum.sha-256' value='0201e74a2f55880fa084d3f543fd887484b540e2a74c03c0ae819fb5d4d9f40b'/>
      </properties>
    </artifact>
    <artifact classifier='osgi.bundle' id='org.eclipse.equinox.p2.engine' version='2.6.200.v20190215-2242'>
      <properties size='5'>
        <property name='download.size' value='215004'/>
        <property name='artifact.size' value='215004'/>
        <property name='download.md5' value='6183697aae515ef5c6156c746e0abe98'/>
        <property name='download.checksum.md5' value='6183697aae515ef5c6156c746e0abe98'/>
        <property name='download.checksum.sha-256' value='784ad1e573bfd72d380644400dbbb24ca241267bbc87a2ffd8698f54a4442f9a'/>
      </properties>
    </artifact>
    <artifact classifier='osgi.bundle' id='org.eclipse.equinox.p2.touchpoint.natives' version='1.3.200.v20180921-1019'>
      <properties size='5'>
        <property name='download.size' value='79269'/>
        <property name='artifact.size' value='79269'/>
        <property name='download.md5' value='88ab5522b570bd909b2944dd68056755'/>
        <property name='download.checksum.md5' value='88ab5522b570bd909b2944dd68056755'/>
        <property name='download.checksum.sha-256' value='3fc7408a804e7d36c1152cf9a4648b2bfdb19288f72106b06f8d401cc7a50bbc'/>
      </properties>
    </artifact>
    <artifact classifier='osgi.bundle' id='org.eclipse.ecf.identity' version='3.9.1.v20180810-0833'>
      <properties size='5'>
        <property name='download.size' value='65145'/>
        <property name='artifact.size' value='65145'/>
        <property name='download.md5' value='fa6969d6ebf3a5b29d620d3e5b839ca0'/>
        <property name='download.checksum.md5' value='fa6969d6ebf3a5b29d620d3e5b839ca0'/>
        <property name='download.checksum.sha-256' value='6b33f7718f6bf93d8455b9925175bd6eafdd0a940a20038a2f68d10f899f68fc'/>
      </properties>
    </artifact>
    <artifact classifier='osgi.bundle' id='org.eclipse.tycho.noopsecurity' version='1.4.0'>
      <properties size='8'>
        <property name='artifact.size' value='5003'/>
        <property name='download.size' value='5003'/>
        <property name='maven-groupId' value='org.eclipse.tycho'/>
        <property name='maven-artifactId' value='org.eclipse.tycho.noopsecurity'/>
        <property name='maven-version' value='1.4.0'/>
        <property name='download.md5' value='c9c4618e3cfdc966504c28ae8d342074'/>
        <property name='download.checksum.md5' value='c9c4618e3cfdc966504c28ae8d342074'/>
        <property name='download.checksum.sha-256' value='40f1d41e515e1c871a6104da1aa1ba83aa702bf4e2eac38e3730aa572c093ced'/>
      </properties>
    </artifact>
    <artifact classifier='osgi.bundle' id='org.eclipse.ecf.provider.filetransfer.httpclient4.ssl' version='1.1.100.v20180301-0132'>
      <properties size='5'>
        <property name='download.size' value='14231'/>
        <property name='artifact.size' value='14231'/>
        <property name='download.md5' value='9ad35f964b1737845a68c483e3608105'/>
        <property name='download.checksum.md5' value='9ad35f964b1737845a68c483e3608105'/>
        <property name='download.checksum.sha-256' value='565a16d16446fe906a2c499a63b79a17900992e09e4f87751734860bcd3596ff'/>
      </properties>
    </artifact>
    <artifact classifier='osgi.bundle' id='org.apache.httpcomponents.httpcore' version='4.4.9.v20180409-1525'>
      <properties size='5'>
        <property name='download.size' value='356275'/>
        <property name='artifact.size' value='356275'/>
        <property name='download.md5' value='cdd1cad50930be0631ab2ef903b0cfa2'/>
        <property name='download.checksum.md5' value='cdd1cad50930be0631ab2ef903b0cfa2'/>
        <property name='download.checksum.sha-256' value='8afd3a33118aa92183cd31a9337dea674359b94fb4084d11419a094216abc355'/>
      </properties>
    </artifact>
    <artifact classifier='osgi.bundle' id='org.apache.httpcomponents.httpclient' version='4.5.5.v20180409-1525'>
      <properties size='5'>
        <property name='download.size' value='1029202'/>
        <property name='artifact.size' value='1029202'/>
        <property name='download.md5' value='65921490bf9c8aec2b62f1ee1aac952e'/>
        <property name='download.checksum.md5' value='65921490bf9c8aec2b62f1ee1aac952e'/>
        <property name='download.checksum.sha-256' value='19eb3a43a243cc6ac8847c51e89ad2cb38c8e1a4e04a86479fcc44f79945db5d'/>
      </properties>
    </artifact>
    <artifact classifier='osgi.bundle' id='org.apache.felix.scr' version='2.1.14.v20190123-1619'>
      <properties size='5'>
        <property name='download.size' value='412632'/>
        <property name='artifact.size' value='412632'/>
        <property name='download.md5' value='4e76946cc6cee4393082920582d9aa82'/>
        <property name='download.checksum.md5' value='4e76946cc6cee4393082920582d9aa82'/>
        <property name='download.checksum.sha-256' value='67462ba7201931cd705cc2574ae9aecd3600fef57d48bb7d6313c8a4620a80b2'/>
      </properties>
    </artifact>
    <artifact classifier='osgi.bundle' id='org.eclipse.ecf.ssl' version='1.2.100.v20180301-0132'>
      <properties size='5'>
        <property name='download.size' value='14832'/>
        <property name='artifact.size' value='14832'/>
        <property name='download.md5' value='37d22e031da241eeb839a5b870566648'/>
        <property name='download.checksum.md5' value='37d22e031da241eeb839a5b870566648'/>
        <property name='download.checksum.sha-256' value='06027ce0166b8c8749c0164eb66d5b4e6f9a58a5944e0a65a7f02115b4107e31'/>
      </properties>
    </artifact>
    <artifact classifier='osgi.bundle' id='org.eclipse.equinox.ds' version='1.6.0.v20190122-0806'>
      <properties size='5'>
        <property name='download.size' value='29235'/>
        <property name='artifact.size' value='29235'/>
        <property name='download.md5' value='680d15765a91c4d5056be15a17f10a46'/>
        <property name='download.checksum.md5' value='680d15765a91c4d5056be15a17f10a46'/>
        <property name='download.checksum.sha-256' value='50f49e47f65611da2f0a86445e455d8e9e85bd21c26add9fb740361b2256dc8c'/>
      </properties>
    </artifact>
    <artifact classifier='osgi.bundle' id='org.eclipse.equinox.concurrent' version='1.1.200.v20180827-1235'>
      <properties size='5'>
        <property name='download.size' value='26583'/>
        <property name='artifact.size' value='26583'/>
        <property name='download.md5' value='c1b59bf9eed519ae2590cf8fac6b65ba'/>
        <property name='download.checksum.md5' value='c1b59bf9eed519ae2590cf8fac6b65ba'/>
        <property name='download.checksum.sha-256' value='0d393c66e810df5498f768735a9183406a22906aba52cc4a84d71df1c1f39363'/>
      </properties>
    </artifact>
    <artifact classifier='osgi.bundle' id='org.eclipse.equinox.registry' version='3.8.300.v20190218-2100'>
      <properties size='5'>
        <property name='download.size' value='196574'/>
        <property name='artifact.size' value='196574'/>
        <property name='download.md5' value='d7e96f6ac13c1fd1b89b26afd74c3ef1'/>
        <property name='download.checksum.md5' value='d7e96f6ac13c1fd1b89b26afd74c3ef1'/>
        <property name='download.checksum.sha-256' value='605fa575c0fb738b561684cf39d78096eec07ef0abd3b347dbbea8f0cb553355'/>
      </properties>
    </artifact>
    <artifact classifier='osgi.bundle' id='org.eclipse.osgi.services' version='3.8.0.v20190206-2147'>
      <properties size='5'>
        <property name='download.size' value='128680'/>
        <property name='artifact.size' value='128680'/>
        <property name='download.md5' value='a482790758ee1bbff8f167ef87fd0116'/>
        <property name='download.checksum.md5' value='a482790758ee1bbff8f167ef87fd0116'/>
        <property name='download.checksum.sha-256' value='ce2ecca62cbb6148ca4013c586eaf37aac99c669a96902bead57b30aba0eb49a'/>
      </properties>
    </artifact>
    <artifact classifier='osgi.bundle' id='org.eclipse.equinox.common' version='3.10.300.v20190218-2100'>
      <properties size='5'>
        <property name='download.size' value='122343'/>
        <property name='artifact.size' value='122343'/>
        <property name='download.md5' value='661a3a6b1eb8df8d7e502adefdaa50c8'/>
        <property name='download.checksum.md5' value='661a3a6b1eb8df8d7e502adefdaa50c8'/>
        <property name='download.checksum.sha-256' value='4dd1732b1fa64b38187de89b35481b85d44cfdde86f41da9944e96f982d2b0e8'/>
      </properties>
    </artifact>
    <artifact classifier='osgi.bundle' id='org.eclipse.equinox.p2.director' version='2.4.300.v20190215-2242'>
      <properties size='5'>
        <property name='download.size' value='109421'/>
        <property name='artifact.size' value='109421'/>
        <property name='download.md5' value='30ccbf6342a1d8e02dfe9947781effc4'/>
        <property name='download.checksum.md5' value='30ccbf6342a1d8e02dfe9947781effc4'/>
        <property name='download.checksum.sha-256' value='2d8876f81f00828ca9c0776c45b7f6151728e340600ee051eb4f31c701320e3b'/>
      </properties>
    </artifact>
    <artifact classifier='osgi.bundle' id='org.eclipse.equinox.p2.jarprocessor' version='1.1.200.v20180921-1009'>
      <properties size='5'>
        <property name='download.size' value='73535'/>
        <property name='artifact.size' value='73535'/>
        <property name='download.md5' value='c0b77b0d91e3e06e49020bd72f30cb22'/>
        <property name='download.checksum.md5' value='c0b77b0d91e3e06e49020bd72f30cb22'/>
        <property name='download.checksum.sha-256' value='18198b76856c2bd7bd7a8378989cf00edb6b9d5603874d466f17bca8fdfad39c'/>
      </properties>
    </artifact>
    <artifact classifier='osgi.bundle' id='org.eclipse.equinox.util' version='1.1.200.v20181008-1820'>
      <properties size='5'>
        <property name='download.size' value='83351'/>
        <property name='artifact.size' value='83351'/>
        <property name='download.md5' value='478e72091601f7c200991c910678e902'/>
        <property name='download.checksum.md5' value='478e72091601f7c200991c910678e902'/>
        <property name='download.checksum.sha-256' value='ac7a46e7d30aca06fddffc5c8804d1678dc55bdc54be49d01a560b70402e8a33'/>
      </properties>
    </artifact>
    <artifact classifier='osgi.bundle' id='org.eclipse.equinox.simpleconfigurator.manipulator' version='2.1.200.v20181123-1405'>
      <properties size='5'>
        <property name='download.size' value='26672'/>
        <property name='artifact.size' value='26672'/>
        <property name='download.md5' value='05dd110265e7f98344234b492bf210d0'/>
        <property name='download.checksum.md5' value='05dd110265e7f98344234b492bf210d0'/>
        <property name='download.checksum.sha-256' value='6b6d7e3c7523513f26d72577e287348a429183c8230414df1b0ae3ac4ff30515'/>
      </properties>
    </artifact>
    <artifact classifier='osgi.bundle' id='org.apache.commons.codec' version='1.10.0.v20180409-1845'>
      <properties size='5'>
        <property name='download.size' value='312034'/>
        <property name='artifact.size' value='312034'/>
        <property name='download.md5' value='ac32cde1532b70915b62d0572d87dc53'/>
        <property name='download.checksum.md5' value='ac32cde1532b70915b62d0572d87dc53'/>
        <property name='download.checksum.sha-256' value='cee262c8bc1534558e28bfe55ba33faa774d3cc03c2b6fcfee7d43b74f1e65b3'/>
      </properties>
    </artifact>
    <artifact classifier='osgi.bundle' id='org.eclipse.equinox.p2.artifact.repository' version='1.3.0.v20190212-1235'>
      <properties size='5'>
        <property name='download.size' value='156931'/>
        <property name='artifact.size' value='156931'/>
        <property name='download.md5' value='8cfa1626c4377805e252ec678c24fc28'/>
        <property name='download.checksum.md5' value='8cfa1626c4377805e252ec678c24fc28'/>
        <property name='download.checksum.sha-256' value='2e7570584a50ab3e200a564dec1c2a9891bfdf89e236a0c7fdfa00da0f50795f'/>
      </properties>
    </artifact>
    <artifact classifier='osgi.bundle' id='org.eclipse.equinox.p2.repository.tools' version='2.2.200.v20181102-0649'>
      <properties size='5'>
        <property name='download.size' value='253690'/>
        <property name='artifact.size' value='253690'/>
        <property name='download.md5' value='a7bbbdb32c4657c4baa0e6b19038ee2c'/>
        <property name='download.checksum.md5' value='a7bbbdb32c4657c4baa0e6b19038ee2c'/>
        <property name='download.checksum.sha-256' value='e1052cc5236da3e18c9976d7ed0d1cebfc0da593b4f928f0e77bde103220bedc'/>
      </properties>
    </artifact>
    <artifact classifier='osgi.bundle' id='org.eclipse.ecf.provider.filetransfer.httpclient4' version='1.1.300.v20180301-0132'>
      <properties size='5'>
        <property name='download.size' value='75556'/>
        <property name='artifact.size' value='75556'/>
        <property name='download.md5' value='437056563cc4626e164e56596221db4a'/>
        <property name='download.checksum.md5' value='437056563cc4626e164e56596221db4a'/>
        <property name='download.checksum.sha-256' value='01d850bfc40ed56fc8f700631032f577326a5d2cef4776191243db9a7cf0821e'/>
      </properties>
    </artifact>
    <artifact classifier='osgi.bundle' id='org.eclipse.core.contenttype' version='3.7.300.v20190215-2048'>
      <properties size='5'>
        <property name='download.size' value='105591'/>
        <property name='artifact.size' value='105591'/>
        <property name='download.md5' value='805cdf5f3ff5d4aff19078c308471a84'/>
        <property name='download.checksum.md5' value='805cdf5f3ff5d4aff19078c308471a84'/>
        <property name='download.checksum.sha-256' value='79731eeebc8e172e8437cb2a25cc95d217930fc3f7242caa414e18b845786fac'/>
      </properties>
    </artifact>
    <artifact classifier='osgi.bundle' id='org.tukaani.xz' version='1.8.0.v20180207-1613'>
      <properties size='5'>
        <property name='download.size' value='128232'/>
        <property name='artifact.size' value='128232'/>
        <property name='download.md5' value='0cd7ec10b7a4a1e7abea3797e05543d8'/>
        <property name='download.checksum.md5' value='0cd7ec10b7a4a1e7abea3797e05543d8'/>
        <property name='download.checksum.sha-256' value='fa14c8f465b76f01320b6471f52a3803df30a7151d95256032b99af461698147'/>
      </properties>
    </artifact>
    <artifact classifier='osgi.bundle' id='org.eclipse.equinox.p2.publisher' version='1.5.100.v20180822-1302'>
      <properties size='5'>
        <property name='download.size' value='99848'/>
        <property name='artifact.size' value='99848'/>
        <property name='download.md5' value='390f656f27fe740e7328b4519e2df441'/>
        <property name='download.checksum.md5' value='390f656f27fe740e7328b4519e2df441'/>
        <property name='download.checksum.sha-256' value='102d94999763bdd4ae5c4ffc3e2dd57bbe680b470ba4434ea2d6acd093e93236'/>
      </properties>
    </artifact>
    <artifact classifier='osgi.bundle' id='org.eclipse.equinox.launcher' version='1.5.300.v20190213-1655'>
      <properties size='5'>
        <property name='download.size' value='53223'/>
        <property name='artifact.size' value='53223'/>
        <property name='download.md5' value='eddf20c9f43e81172edc3c63b4255133'/>
        <property name='download.checksum.md5' value='eddf20c9f43e81172edc3c63b4255133'/>
        <property name='download.checksum.sha-256' value='8bc1a43a3b40f8d6a07b3d37d65e2613fb97c869e368b312b2ef17b94344c1cc'/>
      </properties>
    </artifact>
    <artifact classifier='osgi.bundle' id='org.eclipse.equinox.p2.publisher.eclipse' version='1.3.100.v20180822-1354'>
      <properties size='5'>
        <property name='download.size' value='237694'/>
        <property name='artifact.size' value='237694'/>
        <property name='download.md5' value='23ed07571ae3c81274c5d3b8d72ee892'/>
        <property name='download.checksum.md5' value='23ed07571ae3c81274c5d3b8d72ee892'/>
        <property name='download.checksum.sha-256' value='25a1f3435b844d01478c4df089a9b1be1266d566c688cd3053987ef1077996da'/>
      </properties>
    </artifact>
    <artifact classifier='osgi.bundle' id='org.eclipse.core.runtime' version='3.15.200.v20190301-1641'>
      <properties size='5'>
        <property name='download.size' value='74408'/>
        <property name='artifact.size' value='74408'/>
        <property name='download.md5' value='c3940c2e7e418a6e85d44dbd1bd9444e'/>
        <property name='download.checksum.md5' value='c3940c2e7e418a6e85d44dbd1bd9444e'/>
        <property name='download.checksum.sha-256' value='388843db967811d1b2fb87caa7a5c6c67082e1618b6c9e4b457b0ca38646f3b4'/>
      </properties>
    </artifact>
    <artifact classifier='osgi.bundle' id='org.eclipse.core.net' version='1.3.400.v20181030-1645'>
      <properties size='5'>
        <property name='download.size' value='74297'/>
        <property name='artifact.size' value='74297'/>
        <property name='download.md5' value='6645cefce2a350f14dd023a2502b73bf'/>
        <property name='download.checksum.md5' value='6645cefce2a350f14dd023a2502b73bf'/>
        <property name='download.checksum.sha-256' value='cbfcd3b52b2f02de99450b54ef5a8fbeb25ddeada4d8f28bf31af44484e8c064'/>
      </properties>
    </artifact>
    <artifact classifier='osgi.bundle' id='org.eclipse.osgi.util' version='3.5.200.v20190115-2323'>
      <properties size='5'>
        <property name='download.size' value='73514'/>
        <property name='artifact.size' value='73514'/>
        <property name='download.md5' value='dbd471e897e7acf0a26764437a3101dd'/>
        <property name='download.checksum.md5' value='dbd471e897e7acf0a26764437a3101dd'/>
        <property name='download.checksum.sha-256' value='3ceb317087daf9fb1e75ffac9b4758a43c9cc6e91354a445d29a555cbd71a190'/>
      </properties>
    </artifact>
    <artifact classifier='osgi.bundle' id='org.eclipse.ecf.provider.filetransfer' version='3.2.400.v20180306-0429'>
      <properties size='5'>
        <property name='download.size' value='129432'/>
        <property name='artifact.size' value='129432'/>
        <property name='download.md5' value='17c05c73a5b02e030f78d0e465d6e43c'/>
        <property name='download.checksum.md5' value='17c05c73a5b02e030f78d0e465d6e43c'/>
        <property name='download.checksum.sha-256' value='bc0eb26a69a141dd1fa459b0953339d5f6adb71b9ee7bcfde417af834191c6bd'/>
      </properties>
    </artifact>
    <artifact classifier='osgi.bundle' id='org.eclipse.equinox.security' version='1.3.100.v20190215-2139'>
      <properties size='5'>
        <property name='download.size' value='113603'/>
        <property name='artifact.size' value='113603'/>
        <property name='download.md5' value='b24e9f44c7cc653cea8c70729460cc9d'/>
        <property name='download.checksum.md5' value='b24e9f44c7cc653cea8c70729460cc9d'/>
        <property name='download.checksum.sha-256' value='9074d7f42f2727f9f1000c76b893d26aa15d47c7e3f0cbd4b9407a8913930c14'/>
      </properties>
    </artifact>
    <artifact classifier='osgi.bundle' id='org.eclipse.equinox.frameworkadmin' version='2.1.200.v20190215-2242'>
      <properties size='5'>
        <property name='download.size' value='36968'/>
        <property name='artifact.size' value='36968'/>
        <property name='download.md5' value='083ecf641e4c74334961070624cc9b24'/>
        <property name='download.checksum.md5' value='083ecf641e4c74334961070624cc9b24'/>
        <property name='download.checksum.sha-256' value='bdc7ad9e7f3f3c0f0bf10bd7ce844d476d8482cacefc57ec7912fb0608745775'/>
      </properties>
    </artifact>
    <artifact classifier='osgi.bundle' id='org.eclipse.equinox.simpleconfigurator' version='1.3.200.v20181101-1115'>
      <properties size='5'>
        <property name='download.size' value='46189'/>
        <property name='artifact.size' value='46189'/>
        <property name='download.md5' value='5b48966298e1db2439916910a0bf16f6'/>
        <property name='download.checksum.md5' value='5b48966298e1db2439916910a0bf16f6'/>
        <property name='download.checksum.sha-256' value='40941ed9758cd1b76729f9b343b279229417d1fa035eb73a20e267fe58b6e887'/>
      </properties>
    </artifact>
  </artifacts>
</repository>
