<?xml version='1.0' encoding='UTF-8'?>
<?artifactRepository version='1.1.0'?>
<repository name='Repository with p2 Director Bundles' type='org.eclipse.equinox.p2.artifact.repository.simpleRepository' version='1'>
  <properties size='2'>
    <property name='p2.timestamp' value='1596438349037'/>
    <property name='publishPackFilesAsSiblings' value='true'/>
  </properties>
  <mappings size='5'>
    <rule filter='(&amp; (classifier=osgi.bundle) (format=packed))' output='${repoUrl}/plugins/${id}_${version}.jar.pack.gz'/>
    <rule filter='(&amp; (classifier=osgi.bundle))' output='${repoUrl}/plugins/${id}_${version}.jar'/>
    <rule filter='(&amp; (classifier=binary))' output='${repoUrl}/binary/${id}_${version}'/>
    <rule filter='(&amp; (classifier=org.eclipse.update.feature) (format=packed))' output='${repoUrl}/features/${id}_${version}.jar.pack.gz'/>
    <rule filter='(&amp; (classifier=org.eclipse.update.feature))' output='${repoUrl}/features/${id}_${version}.jar'/>
  </mappings>
  <artifacts size='51'>
    <artifact classifier='osgi.bundle' id='org.eclipse.equinox.p2.director.app' version='1.1.600.v20200511-1530'>
      <properties size='5'>
        <property name='download.size' value='57652'/>
        <property name='artifact.size' value='57652'/>
        <property name='download.md5' value='d168c9608c3b90ac3a58ad80ad07deee'/>
        <property name='download.checksum.md5' value='d168c9608c3b90ac3a58ad80ad07deee'/>
        <property name='download.checksum.sha-256' value='7f1f7bebf8744255a51cfd9548d405130398798628b6976a0a8c0fbce05fdf06'/>
      </properties>
    </artifact>
    <artifact classifier='osgi.bundle' id='org.sat4j.pb' version='2.3.5.v201404071733'>
      <properties size='5'>
        <property name='download.size' value='249896'/>
        <property name='artifact.size' value='249896'/>
        <property name='download.md5' value='cb30c74eeb45cc776da7cd4aa0e2dbb8'/>
        <property name='download.checksum.md5' value='cb30c74eeb45cc776da7cd4aa0e2dbb8'/>
        <property name='download.checksum.sha-256' value='7d5d00839545c0bb49768b0faef8b03811a5e798138455a34a82897491ce772b'/>
      </properties>
    </artifact>
    <artifact classifier='osgi.bundle' id='org.eclipse.equinox.p2.transport.ecf' version='1.2.400.v20200123-2221'>
      <properties size='5'>
        <property name='download.size' value='44445'/>
        <property name='artifact.size' value='44445'/>
        <property name='download.md5' value='55c5a0f59a053eb941d41776abacfe4b'/>
        <property name='download.checksum.md5' value='55c5a0f59a053eb941d41776abacfe4b'/>
        <property name='download.checksum.sha-256' value='440e20e7bdeb7a039dfd461479fde4f4bbdc086a021ea8e83fcf26a8df229a56'/>
      </properties>
    </artifact>
    <artifact classifier='osgi.bundle' id='org.eclipse.ecf.provider.filetransfer' version='3.2.500.v20191017-1905'>
      <properties size='5'>
        <property name='download.size' value='129438'/>
        <property name='artifact.size' value='129438'/>
        <property name='download.md5' value='9b3944404c8fa88bfda7f8a7951c19c3'/>
        <property name='download.checksum.md5' value='9b3944404c8fa88bfda7f8a7951c19c3'/>
        <property name='download.checksum.sha-256' value='6a4d03302518763f92910194f9f06a873bd8d08082367063b737b2ffde9cfa30'/>
      </properties>
    </artifact>
    <artifact classifier='osgi.bundle' id='org.eclipse.equinox.p2.repository' version='2.4.700.v20200110-2121'>
      <properties size='5'>
        <property name='download.size' value='142116'/>
        <property name='artifact.size' value='142116'/>
        <property name='download.md5' value='e09572b91f9726c7d57907bdb39474d9'/>
        <property name='download.checksum.md5' value='e09572b91f9726c7d57907bdb39474d9'/>
        <property name='download.checksum.sha-256' value='f4d0108416baf8a557c92ac30848bdc904c719306ff518821916d3b5c898bfe0'/>
      </properties>
    </artifact>
    <artifact classifier='osgi.bundle' id='org.eclipse.equinox.concurrent' version='1.1.500.v20200106-1437'>
      <properties size='5'>
        <property name='download.size' value='26570'/>
        <property name='artifact.size' value='26570'/>
        <property name='download.md5' value='f50b12221c1890c63043f74e253426be'/>
        <property name='download.checksum.md5' value='f50b12221c1890c63043f74e253426be'/>
        <property name='download.checksum.sha-256' value='433fe418effa5b271b8dc8fb4ced8a3c607fbf66e9bc98afb2e88a978cd590be'/>
      </properties>
    </artifact>
    <artifact classifier='osgi.bundle' id='org.eclipse.equinox.launcher' version='1.5.700.v20200207-2156'>
      <properties size='5'>
        <property name='download.size' value='53088'/>
        <property name='artifact.size' value='53088'/>
        <property name='download.md5' value='eb45ff0ee82b9e778f1cd3f6750bfd70'/>
        <property name='download.checksum.md5' value='eb45ff0ee82b9e778f1cd3f6750bfd70'/>
        <property name='download.checksum.sha-256' value='a2191d448f3598d860c8c3120a6a5bade8fc6b802a57636d6252760e9af07843'/>
      </properties>
    </artifact>
    <artifact classifier='osgi.bundle' id='org.eclipse.equinox.p2.engine' version='2.6.700.v20200511-1530'>
      <properties size='5'>
        <property name='download.size' value='210812'/>
        <property name='artifact.size' value='210812'/>
        <property name='download.md5' value='6fe96083cc2bcbeefee1f4983d3facb8'/>
        <property name='download.checksum.md5' value='6fe96083cc2bcbeefee1f4983d3facb8'/>
        <property name='download.checksum.sha-256' value='63533a91bea1cfd800860901d6cdbccf2bbeb2713bb0d75552f3b17df296ce86'/>
      </properties>
    </artifact>
    <artifact classifier='osgi.bundle' id='org.eclipse.ecf.filetransfer' version='5.1.0.v20200217-0016'>
      <properties size='5'>
        <property name='download.size' value='53278'/>
        <property name='artifact.size' value='53278'/>
        <property name='download.md5' value='a4b722044fbe51f2953b0bbba99a70e1'/>
        <property name='download.checksum.md5' value='a4b722044fbe51f2953b0bbba99a70e1'/>
        <property name='download.checksum.sha-256' value='8fc2669040beeda642f7b0651f031fc58a8df4de196a9f8d077bf5543f1baaf5'/>
      </properties>
    </artifact>
    <artifact classifier='osgi.bundle' id='org.eclipse.ecf.ssl' version='1.2.300.v20191012-1926'>
      <properties size='5'>
        <property name='download.size' value='15674'/>
        <property name='artifact.size' value='15674'/>
        <property name='download.md5' value='7804f5de26bf60a8dcb0407e4df3f7b5'/>
        <property name='download.checksum.md5' value='7804f5de26bf60a8dcb0407e4df3f7b5'/>
        <property name='download.checksum.sha-256' value='93c8c728476cfcbb65a17d232afc7ae22103d359441fd8321dff5ced73166baf'/>
      </properties>
    </artifact>
    <artifact classifier='osgi.bundle' id='org.eclipse.equinox.preferences' version='3.8.0.v20200422-1833'>
      <properties size='5'>
        <property name='download.size' value='137172'/>
        <property name='artifact.size' value='137172'/>
        <property name='download.md5' value='0af5b13af7d07decf60bf352cfb20f7a'/>
        <property name='download.checksum.md5' value='0af5b13af7d07decf60bf352cfb20f7a'/>
        <property name='download.checksum.sha-256' value='ca62478a40cffdfe9a10dcfb9f8fada760a93644a7de2c2d1897235f67f57b42'/>
      </properties>
    </artifact>
    <artifact classifier='osgi.bundle' id='org.eclipse.equinox.common' version='3.12.0.v20200504-1602'>
      <properties size='5'>
        <property name='download.size' value='129982'/>
        <property name='artifact.size' value='129982'/>
        <property name='download.md5' value='44602b1340c42407ce906f27b27ab7f7'/>
        <property name='download.checksum.md5' value='44602b1340c42407ce906f27b27ab7f7'/>
        <property name='download.checksum.sha-256' value='761f9175b9d294d122c1aa92048688f0b71dd81e808c64cbb245ca7539950716'/>
      </properties>
    </artifact>
    <artifact classifier='osgi.bundle' id='org.eclipse.equinox.frameworkadmin' version='2.1.400.v20191002-0702'>
      <properties size='5'>
        <property name='download.size' value='36937'/>
        <property name='artifact.size' value='36937'/>
        <property name='download.md5' value='7807502daa0492b72fb8e4a4a352ab50'/>
        <property name='download.checksum.md5' value='7807502daa0492b72fb8e4a4a352ab50'/>
        <property name='download.checksum.sha-256' value='fdfbac83b5519d3bca246de874c3d0fd6b2f18e0c2038c8c8415af9e22c1c329'/>
      </properties>
    </artifact>
    <artifact classifier='osgi.bundle' id='org.sat4j.core' version='2.3.5.v201308161310'>
      <properties size='5'>
        <property name='download.size' value='376173'/>
        <property name='artifact.size' value='376173'/>
        <property name='download.md5' value='de3623314aad2c9981684a1410c74b44'/>
        <property name='download.checksum.md5' value='de3623314aad2c9981684a1410c74b44'/>
        <property name='download.checksum.sha-256' value='c679e2a48f80eb4462f72662198c8941d37ce58bf0c4a4e97a6d40351fcf0fb5'/>
      </properties>
    </artifact>
    <artifact classifier='osgi.bundle' id='org.eclipse.equinox.security' version='1.3.500.v20200114-1637'>
      <properties size='5'>
        <property name='download.size' value='113283'/>
        <property name='artifact.size' value='113283'/>
        <property name='download.md5' value='3b4701031346c72072d521d37c2e3727'/>
        <property name='download.checksum.md5' value='3b4701031346c72072d521d37c2e3727'/>
        <property name='download.checksum.sha-256' value='ced0ad9d648a96aaca6f3e367c3f0ee0410d7b8726338480c93333bf3ba9cb27'/>
      </properties>
    </artifact>
    <artifact classifier='osgi.bundle' id='org.eclipse.equinox.p2.artifact.repository' version='1.3.500.v20200406-2025'>
      <properties size='5'>
        <property name='download.size' value='156838'/>
        <property name='artifact.size' value='156838'/>
        <property name='download.md5' value='b0a73c810573db55e9376a9f884aadba'/>
        <property name='download.checksum.md5' value='b0a73c810573db55e9376a9f884aadba'/>
        <property name='download.checksum.sha-256' value='519f2d5419d6efe25d2aa66c3da2bbe1691d0f87dda962adccd33ae131e1f0be'/>
      </properties>
    </artifact>
    <artifact classifier='osgi.bundle' id='org.apache.commons.logging' version='1.2.0.v20180409-1502'>
      <properties size='5'>
        <property name='download.size' value='73163'/>
        <property name='artifact.size' value='73163'/>
        <property name='download.md5' value='8e263d3b13a0115210cbc9b02ed5809d'/>
        <property name='download.checksum.md5' value='8e263d3b13a0115210cbc9b02ed5809d'/>
        <property name='download.checksum.sha-256' value='d01b932f01fd623a0d34cc00137edd0f05270b52c4a32cc8e927c911791d9e20'/>
      </properties>
    </artifact>
    <artifact classifier='osgi.bundle' id='org.eclipse.equinox.p2.jarprocessor' version='1.1.600.v20200217-1130'>
      <properties size='5'>
        <property name='download.size' value='73656'/>
        <property name='artifact.size' value='73656'/>
        <property name='download.md5' value='b4915fe0fec7626d80133c4a4e09c43c'/>
        <property name='download.checksum.md5' value='b4915fe0fec7626d80133c4a4e09c43c'/>
        <property name='download.checksum.sha-256' value='c41110fc2b8f2adc4677b540aa01ee5e9f4b3c2803e14e5e5bd597a391ae8953'/>
      </properties>
    </artifact>
    <artifact classifier='osgi.bundle' id='org.eclipse.equinox.frameworkadmin.equinox' version='1.1.400.v20200319-1546'>
      <properties size='5'>
        <property name='download.size' value='68502'/>
        <property name='artifact.size' value='68502'/>
        <property name='download.md5' value='85c7827b6743e7314763842c6d29b5af'/>
        <property name='download.checksum.md5' value='85c7827b6743e7314763842c6d29b5af'/>
        <property name='download.checksum.sha-256' value='4c666e81771a4fc54b2203ff95bf4589295aee21ab076e8975ed1cb91f375f6c'/>
      </properties>
    </artifact>
    <artifact classifier='osgi.bundle' id='org.eclipse.osgi' version='3.15.300.v20200520-1959'>
      <properties size='5'>
        <property name='download.size' value='1480921'/>
        <property name='artifact.size' value='1480921'/>
        <property name='download.md5' value='8e8d7868e2bb82ec01a85214ada24fd0'/>
        <property name='download.checksum.md5' value='8e8d7868e2bb82ec01a85214ada24fd0'/>
        <property name='download.checksum.sha-256' value='a3544cde6924babf8aff8323f7452ace232d01d040e20d9f9f43027d7b945424'/>
      </properties>
    </artifact>
    <artifact classifier='osgi.bundle' id='org.eclipse.osgi.util' version='3.5.300.v20190708-1141'>
      <properties size='5'>
        <property name='download.size' value='73510'/>
        <property name='artifact.size' value='73510'/>
        <property name='download.md5' value='3bd8385b9f12df5abe6f06c3c3440501'/>
        <property name='download.checksum.md5' value='3bd8385b9f12df5abe6f06c3c3440501'/>
        <property name='download.checksum.sha-256' value='1bcfb3dff8f04337721ac354cec464ae5984253d93b29538c2baf5842342a903'/>
      </properties>
    </artifact>
    <artifact classifier='osgi.bundle' id='org.eclipse.core.runtime' version='3.18.0.v20200506-2143'>
      <properties size='5'>
        <property name='download.size' value='73817'/>
        <property name='artifact.size' value='73817'/>
        <property name='download.md5' value='8b82d3ec5dd60f625085f047993b962d'/>
        <property name='download.checksum.md5' value='8b82d3ec5dd60f625085f047993b962d'/>
        <property name='download.checksum.sha-256' value='b5aebc31d480efff38f910a6eab791c2de7b126a47d260252e097b5a27bd0165'/>
      </properties>
    </artifact>
    <artifact classifier='osgi.bundle' id='org.eclipse.equinox.p2.touchpoint.natives' version='1.3.600.v20200511-1530'>
      <properties size='5'>
        <property name='download.size' value='81895'/>
        <property name='artifact.size' value='81895'/>
        <property name='download.md5' value='c5c77a106430a24ceb7fa54e49aa0a56'/>
        <property name='download.checksum.md5' value='c5c77a106430a24ceb7fa54e49aa0a56'/>
        <property name='download.checksum.sha-256' value='29b7d1796af6ed7a8cbd1c96579e39eb3aa9a8c76cd5b82610db366a5cc9ab80'/>
      </properties>
    </artifact>
    <artifact classifier='osgi.bundle' id='org.apache.httpcomponents.httpclient' version='4.5.10.v20200114-1512'>
      <properties size='5'>
        <property name='download.size' value='1040226'/>
        <property name='artifact.size' value='1040226'/>
        <property name='download.md5' value='d164dd671e91b82c9090ac015287cf23'/>
        <property name='download.checksum.md5' value='d164dd671e91b82c9090ac015287cf23'/>
        <property name='download.checksum.sha-256' value='c107e508d99679e97f9501a922598045db76ca959cc299339fe08bd8915dee99'/>
      </properties>
    </artifact>
    <artifact classifier='osgi.bundle' id='org.eclipse.ecf.identity' version='3.9.300.v20191020-1846'>
      <properties size='5'>
        <property name='download.size' value='65057'/>
        <property name='artifact.size' value='65057'/>
        <property name='download.md5' value='65a59839f27eb56c8a057d8b4b12b0b8'/>
        <property name='download.checksum.md5' value='65a59839f27eb56c8a057d8b4b12b0b8'/>
        <property name='download.checksum.sha-256' value='5ee0d0bf4bee4bb75bc3351cf8f78c2a1c41f0a3f4d1f13584e69e5c28f4c595'/>
      </properties>
    </artifact>
    <artifact classifier='osgi.bundle' id='org.eclipse.ecf.provider.filetransfer.httpclient45' version='1.0.300.v20200522-1203'>
      <properties size='5'>
        <property name='download.size' value='83304'/>
        <property name='artifact.size' value='83304'/>
        <property name='download.md5' value='e117b6766f2ff75371f6672eb2bf7781'/>
        <property name='download.checksum.md5' value='e117b6766f2ff75371f6672eb2bf7781'/>
        <property name='download.checksum.sha-256' value='296b4e36e8b2c0eb8e37098f3c1d4b26eb3f6b34a8543bc1d3f323820812099c'/>
      </properties>
    </artifact>
    <artifact classifier='osgi.bundle' id='org.eclipse.equinox.p2.metadata.repository' version='1.3.400.v20191211-1528'>
      <properties size='5'>
        <property name='download.size' value='133270'/>
        <property name='artifact.size' value='133270'/>
        <property name='download.md5' value='5f962bf25160b51a0d7f2ea52b2462c1'/>
        <property name='download.checksum.md5' value='5f962bf25160b51a0d7f2ea52b2462c1'/>
        <property name='download.checksum.sha-256' value='3de36124d84fb9bd4bfa63da8c4c2c2a3d4778384df6047160ad9cc89ec89833'/>
      </properties>
    </artifact>
    <artifact classifier='osgi.bundle' id='org.eclipse.osgi.services' version='3.8.0.v20190206-2147'>
      <properties size='5'>
        <property name='download.size' value='128680'/>
        <property name='artifact.size' value='128680'/>
        <property name='download.md5' value='a482790758ee1bbff8f167ef87fd0116'/>
        <property name='download.checksum.md5' value='a482790758ee1bbff8f167ef87fd0116'/>
        <property name='download.checksum.sha-256' value='ce2ecca62cbb6148ca4013c586eaf37aac99c669a96902bead57b30aba0eb49a'/>
      </properties>
    </artifact>
    <artifact classifier='osgi.bundle' id='org.eclipse.ecf' version='3.9.5.v20200217-1548'>
      <properties size='5'>
        <property name='download.size' value='124271'/>
        <property name='artifact.size' value='124271'/>
        <property name='download.md5' value='65ca7d8b43e91708681e75356fc8e8d6'/>
        <property name='download.checksum.md5' value='65ca7d8b43e91708681e75356fc8e8d6'/>
        <property name='download.checksum.sha-256' value='de72b0d13bc380acdcd0b2d2f7133993a72dae89af8b718f2d79875eaf2c371a'/>
      </properties>
    </artifact>
    <artifact classifier='osgi.bundle' id='org.eclipse.equinox.registry' version='3.8.800.v20200406-0956'>
      <properties size='5'>
        <property name='download.size' value='194747'/>
        <property name='artifact.size' value='194747'/>
        <property name='download.md5' value='24792e2cbfa2498f068119cf2ff85cb1'/>
        <property name='download.checksum.md5' value='24792e2cbfa2498f068119cf2ff85cb1'/>
        <property name='download.checksum.sha-256' value='b0d6846f7f207bcb29bc44e44b3d8e9202fe445a0b438d7248388b782121dd6c'/>
      </properties>
    </artifact>
    <artifact classifier='osgi.bundle' id='org.eclipse.equinox.simpleconfigurator' version='1.3.500.v20200211-1505'>
      <properties size='5'>
        <property name='download.size' value='46016'/>
        <property name='artifact.size' value='46016'/>
        <property name='download.md5' value='80ba17cf2666c76d3f70b1dd75f4029c'/>
        <property name='download.checksum.md5' value='80ba17cf2666c76d3f70b1dd75f4029c'/>
        <property name='download.checksum.sha-256' value='50506b8744a6a04446a5dc5b24319063675ab8d0d9e84836340a7681f110dbe7'/>
      </properties>
    </artifact>
    <artifact classifier='osgi.bundle' id='org.eclipse.equinox.app' version='1.4.500.v20200422-1833'>
      <properties size='5'>
        <property name='download.size' value='89286'/>
        <property name='artifact.size' value='89286'/>
        <property name='download.md5' value='a84b5b219b15bee2e386680d3ef036b7'/>
        <property name='download.checksum.md5' value='a84b5b219b15bee2e386680d3ef036b7'/>
        <property name='download.checksum.sha-256' value='27fe1b41dda294628efef16076d25b423e26ed946446aa9945c4d7449c9061df'/>
      </properties>
    </artifact>
    <artifact classifier='osgi.bundle' id='org.eclipse.equinox.p2.core' version='2.6.300.v20200211-1504'>
      <properties size='5'>
        <property name='download.size' value='76716'/>
        <property name='artifact.size' value='76716'/>
        <property name='download.md5' value='e6e3ec4ff5ade415abf98120892e898d'/>
        <property name='download.checksum.md5' value='e6e3ec4ff5ade415abf98120892e898d'/>
        <property name='download.checksum.sha-256' value='7f3cf9ad5072d50803e251440045933f4473bc8be7751e85d2974cef04d831ca'/>
      </properties>
    </artifact>
    <artifact classifier='osgi.bundle' id='org.eclipse.equinox.p2.repository.tools' version='2.2.500.v20200110-2121'>
      <properties size='5'>
        <property name='download.size' value='254231'/>
        <property name='artifact.size' value='254231'/>
        <property name='download.md5' value='c90e806ad017a02e77c0daa477858937'/>
        <property name='download.checksum.md5' value='c90e806ad017a02e77c0daa477858937'/>
        <property name='download.checksum.sha-256' value='dbf00f1778ff21ae08ad023d36276146bfd01289fa0dbc88a0db89c72036a5c8'/>
      </properties>
    </artifact>
    <artifact classifier='osgi.bundle' id='org.eclipse.equinox.p2.director' version='2.4.700.v20200511-1530'>
      <properties size='5'>
        <property name='download.size' value='109497'/>
        <property name='artifact.size' value='109497'/>
        <property name='download.md5' value='5556abbecc8df12beef8906636a609ae'/>
        <property name='download.checksum.md5' value='5556abbecc8df12beef8906636a609ae'/>
        <property name='download.checksum.sha-256' value='252813e4a155c6f8c65e27e5a231fc11f00fddb359440a1c3a359fabeebc4e19'/>
      </properties>
    </artifact>
    <artifact classifier='osgi.bundle' id='org.eclipse.equinox.p2.garbagecollector' version='1.1.400.v20200221-1022'>
      <properties size='5'>
        <property name='download.size' value='25396'/>
        <property name='artifact.size' value='25396'/>
        <property name='download.md5' value='b632ca3b6de7a3c030744e2f7c7c9d37'/>
        <property name='download.checksum.md5' value='b632ca3b6de7a3c030744e2f7c7c9d37'/>
        <property name='download.checksum.sha-256' value='5f6bcd179bb3f4239c1b7471980c7c6047dba65d6c556e25ab2778a00f3a3f7f'/>
      </properties>
    </artifact>
    <artifact classifier='osgi.bundle' id='org.eclipse.core.contenttype' version='3.7.700.v20200517-1644'>
      <properties size='5'>
        <property name='download.size' value='100786'/>
        <property name='artifact.size' value='100786'/>
        <property name='download.md5' value='a3c533a062910ba9af8b180a8a4e1a9b'/>
        <property name='download.checksum.md5' value='a3c533a062910ba9af8b180a8a4e1a9b'/>
        <property name='download.checksum.sha-256' value='af418cced47512a7cad606ea9a1114267bc224387abcedd639bae8d3a7fb10b9'/>
      </properties>
    </artifact>
    <artifact classifier='osgi.bundle' id='org.eclipse.ecf.provider.filetransfer.ssl' version='1.0.101.v20191012-1926'>
      <properties size='5'>
        <property name='download.size' value='9905'/>
        <property name='artifact.size' value='9905'/>
        <property name='download.md5' value='e95f76e9d7a0e1d6b495d84e809ef8f0'/>
        <property name='download.checksum.md5' value='e95f76e9d7a0e1d6b495d84e809ef8f0'/>
        <property name='download.checksum.sha-256' value='75a454878958319ceca2e2f3a71df91cbc2a6452ef8ce1bc35c41bb4235b4925'/>
      </properties>
    </artifact>
    <artifact classifier='osgi.bundle' id='org.eclipse.equinox.p2.publisher.eclipse' version='1.3.600.v20200318-1507'>
      <properties size='5'>
        <property name='download.size' value='240996'/>
        <property name='artifact.size' value='240996'/>
        <property name='download.md5' value='4c1c9612fb707f374e0e584c3ae2d86a'/>
        <property name='download.checksum.md5' value='4c1c9612fb707f374e0e584c3ae2d86a'/>
        <property name='download.checksum.sha-256' value='59478f571760a914f24393376ddc7e1d9faa9f0ee81e17df02ab020044d92be0'/>
      </properties>
    </artifact>
    <artifact classifier='osgi.bundle' id='org.apache.felix.scr' version='2.1.16.v20200110-1820'>
      <properties size='5'>
        <property name='download.size' value='416644'/>
        <property name='artifact.size' value='416644'/>
        <property name='download.md5' value='882f8da55a316f2e21c0fc0fbbb380bc'/>
        <property name='download.checksum.md5' value='882f8da55a316f2e21c0fc0fbbb380bc'/>
        <property name='download.checksum.sha-256' value='3533c732473c90e881bb6a960dd1a2941494604083889b0768125ca926c1815f'/>
      </properties>
    </artifact>
    <artifact classifier='osgi.bundle' id='org.eclipse.equinox.simpleconfigurator.manipulator' version='2.1.500.v20200211-1505'>
      <properties size='5'>
        <property name='download.size' value='26960'/>
        <property name='artifact.size' value='26960'/>
        <property name='download.md5' value='96db3e5b7b64bf0f8b06dc59efe12970'/>
        <property name='download.checksum.md5' value='96db3e5b7b64bf0f8b06dc59efe12970'/>
        <property name='download.checksum.sha-256' value='9b40c0abb01747fcb56f6fda29f4e84be482782ad7a230674e9a35a3014e5c5f'/>
      </properties>
    </artifact>
    <artifact classifier='osgi.bundle' id='org.eclipse.equinox.p2.metadata' version='2.5.0.v20200511-1530'>
      <properties size='5'>
        <property name='download.size' value='361112'/>
        <property name='artifact.size' value='361112'/>
        <property name='download.md5' value='c406d53a64c4e155d2548794d0f28c7b'/>
        <property name='download.checksum.md5' value='c406d53a64c4e155d2548794d0f28c7b'/>
        <property name='download.checksum.sha-256' value='be99358648cd357061c6b0ccd45aabc0a6019d02b3935f0f5a1577f6030c3360'/>
      </properties>
    </artifact>
    <artifact classifier='osgi.bundle' id='org.eclipse.core.net' version='1.3.900.v20200428-1255'>
      <properties size='5'>
        <property name='download.size' value='70699'/>
        <property name='artifact.size' value='70699'/>
        <property name='download.md5' value='d0eae1ef27400bf3573b0e4cca50e3f6'/>
        <property name='download.checksum.md5' value='d0eae1ef27400bf3573b0e4cca50e3f6'/>
        <property name='download.checksum.sha-256' value='874a6087b96656e4cf8e9d8722cf419c577b7fa24f98a4670bab199b1e92d1b0'/>
      </properties>
    </artifact>
    <artifact classifier='osgi.bundle' id='org.tukaani.xz' version='1.8.0.v20180207-1613'>
      <properties size='5'>
        <property name='download.size' value='128232'/>
        <property name='artifact.size' value='128232'/>
        <property name='download.md5' value='0cd7ec10b7a4a1e7abea3797e05543d8'/>
        <property name='download.checksum.md5' value='0cd7ec10b7a4a1e7abea3797e05543d8'/>
        <property name='download.checksum.sha-256' value='fa14c8f465b76f01320b6471f52a3803df30a7151d95256032b99af461698147'/>
      </properties>
    </artifact>
    <artifact classifier='osgi.bundle' id='org.apache.httpcomponents.httpcore' version='4.4.12.v20200108-1212'>
      <properties size='5'>
        <property name='download.size' value='359067'/>
        <property name='artifact.size' value='359067'/>
        <property name='download.md5' value='0a59622765ec29d8b4371c340d9fb179'/>
        <property name='download.checksum.md5' value='0a59622765ec29d8b4371c340d9fb179'/>
        <property name='download.checksum.sha-256' value='50527f0d4e639fd897c8a66e6aaab4904e12fe5c2732adbb988add806087eaac'/>
      </properties>
    </artifact>
    <artifact classifier='osgi.bundle' id='org.apache.commons.codec' version='1.13.0.v20200108-0001'>
      <properties size='5'>
        <property name='download.size' value='373236'/>
        <property name='artifact.size' value='373236'/>
        <property name='download.md5' value='9ff2a811e596db9fd8765a042b7de009'/>
        <property name='download.checksum.md5' value='9ff2a811e596db9fd8765a042b7de009'/>
        <property name='download.checksum.sha-256' value='83928fb1d2086d77f2e21fd20d61c681f8287d9087e4388501158cb6c0c032f8'/>
      </properties>
    </artifact>
    <artifact classifier='osgi.bundle' id='org.eclipse.core.jobs' version='3.10.800.v20200421-0950'>
      <properties size='5'>
        <property name='download.size' value='107653'/>
        <property name='artifact.size' value='107653'/>
        <property name='download.md5' value='951ebcf0e6c475b7cafe4c934d25cad5'/>
        <property name='download.checksum.md5' value='951ebcf0e6c475b7cafe4c934d25cad5'/>
        <property name='download.checksum.sha-256' value='4d0042425dcc3655c08654351c08b1645ccb309ab5de45743455bfce4849e917'/>
      </properties>
    </artifact>
    <artifact classifier='osgi.bundle' id='org.eclipse.equinox.p2.touchpoint.eclipse' version='2.2.600.v20200114-1339'>
      <properties size='5'>
        <property name='download.size' value='132472'/>
        <property name='artifact.size' value='132472'/>
        <property name='download.md5' value='2d9b773027b376cd9cef95c6057bdf6b'/>
        <property name='download.checksum.md5' value='2d9b773027b376cd9cef95c6057bdf6b'/>
        <property name='download.checksum.sha-256' value='269a78a721f41e680d072d7e51b517e68e5941a44596aae07f950563b6ca96ba'/>
      </properties>
    </artifact>
    <artifact classifier='osgi.bundle' id='org.eclipse.equinox.p2.publisher' version='1.5.400.v20200511-1530'>
      <properties size='5'>
        <property name='download.size' value='100409'/>
        <property name='artifact.size' value='100409'/>
        <property name='download.md5' value='55d548f1b07ec06226c56c12ada36c7d'/>
        <property name='download.checksum.md5' value='55d548f1b07ec06226c56c12ada36c7d'/>
        <property name='download.checksum.sha-256' value='bb74cc8cd1355e16f836dd5c79e610b2cb9b49237cd0ee73ca02bc89ea1c73cd'/>
      </properties>
    </artifact>
    <artifact classifier='osgi.bundle' id='org.eclipse.osgi.compatibility.state' version='1.1.800.v20200511-1223'>
      <properties size='5'>
        <property name='download.size' value='247992'/>
        <property name='artifact.size' value='247992'/>
        <property name='download.md5' value='e79d868a9c5f989306e8eac6642b0e13'/>
        <property name='download.checksum.md5' value='e79d868a9c5f989306e8eac6642b0e13'/>
        <property name='download.checksum.sha-256' value='dc95bd726badb5d631b978685a7826b0b67783e9df4a3f1ec457d08363cad2c7'/>
      </properties>
    </artifact>
    <artifact classifier='osgi.bundle' id='org.eclipse.tycho.noopsecurity' version='2.0.0'>
      <properties size='8'>
        <property name='artifact.size' value='4943'/>
        <property name='download.size' value='4943'/>
        <property name='maven-groupId' value='org.eclipse.tycho'/>
        <property name='maven-artifactId' value='org.eclipse.tycho.noopsecurity'/>
        <property name='maven-version' value='2.0.0'/>
        <property name='download.md5' value='9eebb9bddd5e10b73e63d2523a6408db'/>
        <property name='download.checksum.md5' value='9eebb9bddd5e10b73e63d2523a6408db'/>
        <property name='download.checksum.sha-256' value='9fecedf13e5fd4efb22487a0b5ce3ec8d12d1a32607c3e32221a15d4865e3c7b'/>
      </properties>
    </artifact>
  </artifacts>
</repository>
