<?xml version='1.0' encoding='UTF-8'?>
<?artifactRepository version='1.1.0'?>
<repository name='Repository with p2 Director Bundles' type='org.eclipse.equinox.p2.artifact.repository.simpleRepository' version='1'>
  <properties size='2'>
    <property name='p2.timestamp' value='1578914131495'/>
    <property name='publishPackFilesAsSiblings' value='true'/>
  </properties>
  <mappings size='5'>
    <rule filter='(&amp; (classifier=osgi.bundle) (format=packed))' output='${repoUrl}/plugins/${id}_${version}.jar.pack.gz'/>
    <rule filter='(&amp; (classifier=osgi.bundle))' output='${repoUrl}/plugins/${id}_${version}.jar'/>
    <rule filter='(&amp; (classifier=binary))' output='${repoUrl}/binary/${id}_${version}'/>
    <rule filter='(&amp; (classifier=org.eclipse.update.feature) (format=packed))' output='${repoUrl}/features/${id}_${version}.jar.pack.gz'/>
    <rule filter='(&amp; (classifier=org.eclipse.update.feature))' output='${repoUrl}/features/${id}_${version}.jar'/>
  </mappings>
  <artifacts size='52'>
    <artifact classifier='osgi.bundle' id='org.eclipse.equinox.simpleconfigurator.manipulator' version='2.1.400.v20191015-1836'>
      <properties size='5'>
        <property name='download.size' value='27065'/>
        <property name='artifact.size' value='27065'/>
        <property name='download.md5' value='4f7ecf258ccf126feed2a21ed8615b6a'/>
        <property name='download.checksum.md5' value='4f7ecf258ccf126feed2a21ed8615b6a'/>
        <property name='download.checksum.sha-256' value='dd57af65f0d4d96c0385815b909c335402d1de59009ac245af057f68a063dcc0'/>
      </properties>
    </artifact>
    <artifact classifier='osgi.bundle' id='org.eclipse.equinox.p2.director' version='2.4.500.v20191014-1220'>
      <properties size='5'>
        <property name='download.size' value='109532'/>
        <property name='artifact.size' value='109532'/>
        <property name='download.md5' value='1cd593717277eae03ae68dd0330ab0e3'/>
        <property name='download.checksum.md5' value='1cd593717277eae03ae68dd0330ab0e3'/>
        <property name='download.checksum.sha-256' value='7b87660dcf8420cdcf28867fbfc9e9cd1449daa2ddb128acc5e084c6a02498ff'/>
      </properties>
    </artifact>
    <artifact classifier='osgi.bundle' id='org.sat4j.pb' version='2.3.5.v201404071733'>
      <properties size='5'>
        <property name='download.size' value='241956'/>
        <property name='artifact.size' value='241956'/>
        <property name='download.md5' value='76494edaecd18849bb6044f6bda5fc9e'/>
        <property name='download.checksum.md5' value='76494edaecd18849bb6044f6bda5fc9e'/>
        <property name='download.checksum.sha-256' value='28437a7c07a14db84b7a11ca04c32d78cc7bd42f0eb64c287e364c784394bbdc'/>
      </properties>
    </artifact>
    <artifact classifier='osgi.bundle' id='org.eclipse.ecf.provider.filetransfer' version='3.2.500.v20191017-1905'>
      <properties size='5'>
        <property name='download.size' value='129453'/>
        <property name='artifact.size' value='129453'/>
        <property name='download.md5' value='96170bba65d14053cc0e620b2383554a'/>
        <property name='download.checksum.md5' value='96170bba65d14053cc0e620b2383554a'/>
        <property name='download.checksum.sha-256' value='58e66b480614dd9c95416ca72f7f202f838d7e6e08286299cd45274430c62f89'/>
      </properties>
    </artifact>
    <artifact classifier='osgi.bundle' id='org.eclipse.core.net' version='1.3.700.v20191122-2107'>
      <properties size='5'>
        <property name='download.size' value='74543'/>
        <property name='artifact.size' value='74543'/>
        <property name='download.md5' value='3e776ccf8be1f9034750e53dd67a483f'/>
        <property name='download.checksum.md5' value='3e776ccf8be1f9034750e53dd67a483f'/>
        <property name='download.checksum.sha-256' value='db12becfdb7aebae183c47975c5778bed421b2c6fd4c4b57de46c055f5d5654d'/>
      </properties>
    </artifact>
    <artifact classifier='osgi.bundle' id='org.eclipse.ecf.ssl' version='1.2.300.v20191012-1926'>
      <properties size='5'>
        <property name='download.size' value='15681'/>
        <property name='artifact.size' value='15681'/>
        <property name='download.md5' value='b249b4a84ab6a10230613a8277f424d5'/>
        <property name='download.checksum.md5' value='b249b4a84ab6a10230613a8277f424d5'/>
        <property name='download.checksum.sha-256' value='2beeb92abb501a9782dae9d5e2ab053294a172155febe9123f3bd8ba50a19194'/>
      </properties>
    </artifact>
    <artifact classifier='osgi.bundle' id='org.eclipse.ecf.filetransfer' version='5.0.300.v20191020-1846'>
      <properties size='5'>
        <property name='download.size' value='53287'/>
        <property name='artifact.size' value='53287'/>
        <property name='download.md5' value='8ffc44fd0970d29a656d653be7d85f64'/>
        <property name='download.checksum.md5' value='8ffc44fd0970d29a656d653be7d85f64'/>
        <property name='download.checksum.sha-256' value='0716342225b762986f3c75bd537bde4e2effec54c5ff34753ad97d9242ca24c7'/>
      </properties>
    </artifact>
    <artifact classifier='osgi.bundle' id='org.eclipse.equinox.preferences' version='3.7.600.v20191017-2055'>
      <properties size='5'>
        <property name='download.size' value='132710'/>
        <property name='artifact.size' value='132710'/>
        <property name='download.md5' value='6b32fff37d22ae7760bf1e5a973d8b02'/>
        <property name='download.checksum.md5' value='6b32fff37d22ae7760bf1e5a973d8b02'/>
        <property name='download.checksum.sha-256' value='ee4d4fdd68eeaf0458cefe06beba773e511458ba3945a46577bd53a981d4e4c4'/>
      </properties>
    </artifact>
    <artifact classifier='osgi.bundle' id='org.eclipse.equinox.frameworkadmin' version='2.1.400.v20191002-0702'>
      <properties size='5'>
        <property name='download.size' value='36937'/>
        <property name='artifact.size' value='36937'/>
        <property name='download.md5' value='d39615d80cb41df8111a67b26b8fad66'/>
        <property name='download.checksum.md5' value='d39615d80cb41df8111a67b26b8fad66'/>
        <property name='download.checksum.sha-256' value='16681d4fecca995e33c1696a460518f3c79da7cceeb8f4f60782bf16eabd3d47'/>
      </properties>
    </artifact>
    <artifact classifier='osgi.bundle' id='org.sat4j.core' version='2.3.5.v201308161310'>
      <properties size='5'>
        <property name='download.size' value='362968'/>
        <property name='artifact.size' value='362968'/>
        <property name='download.md5' value='797ce277f3dd2acb14f066fc1da203b9'/>
        <property name='download.checksum.md5' value='797ce277f3dd2acb14f066fc1da203b9'/>
        <property name='download.checksum.sha-256' value='baf6a1e5af6a66fbd4e46e7bdee67ed74c7530adca5d016bc3ee544c4d5f7ddf'/>
      </properties>
    </artifact>
    <artifact classifier='osgi.bundle' id='org.eclipse.ecf.provider.filetransfer.httpclient45' version='1.0.100.v20191012-1656'>
      <properties size='5'>
        <property name='download.size' value='83159'/>
        <property name='artifact.size' value='83159'/>
        <property name='download.md5' value='0941f7398f2be3c6d22d9f7dd557887b'/>
        <property name='download.checksum.md5' value='0941f7398f2be3c6d22d9f7dd557887b'/>
        <property name='download.checksum.sha-256' value='4622204d0b52c57f4a1f8860193a7449d2ee8db855c45ab2becfaa506c7573b5'/>
      </properties>
    </artifact>
    <artifact classifier='osgi.bundle' id='org.apache.commons.logging' version='1.2.0.v20180409-1502'>
      <properties size='5'>
        <property name='download.size' value='73163'/>
        <property name='artifact.size' value='73163'/>
        <property name='download.md5' value='8e263d3b13a0115210cbc9b02ed5809d'/>
        <property name='download.checksum.md5' value='8e263d3b13a0115210cbc9b02ed5809d'/>
        <property name='download.checksum.sha-256' value='d01b932f01fd623a0d34cc00137edd0f05270b52c4a32cc8e927c911791d9e20'/>
      </properties>
    </artifact>
    <artifact classifier='osgi.bundle' id='org.apache.httpcomponents.httpcore' version='4.4.10.v20190123-2214'>
      <properties size='5'>
        <property name='download.size' value='356979'/>
        <property name='artifact.size' value='356979'/>
        <property name='download.md5' value='8bbe562d5476a4c111ac585a1a6c2085'/>
        <property name='download.checksum.md5' value='8bbe562d5476a4c111ac585a1a6c2085'/>
        <property name='download.checksum.sha-256' value='bca6a237ed24b722157dae5f6d0c2a46beac35a525647c0d61b4fe4628933892'/>
      </properties>
    </artifact>
    <artifact classifier='osgi.bundle' id='org.eclipse.equinox.launcher' version='1.5.600.v20191014-2022'>
      <properties size='5'>
        <property name='download.size' value='53235'/>
        <property name='artifact.size' value='53235'/>
        <property name='download.md5' value='e6fdb002c9bec9d94da0a0c75a9b3c49'/>
        <property name='download.checksum.md5' value='e6fdb002c9bec9d94da0a0c75a9b3c49'/>
        <property name='download.checksum.sha-256' value='195f906740beda7b8c208837d76c9654e029c73c22523ada7f59b2ec0fed4c72'/>
      </properties>
    </artifact>
    <artifact classifier='osgi.bundle' id='org.eclipse.equinox.frameworkadmin.equinox' version='1.1.200.v20191015-1207'>
      <properties size='5'>
        <property name='download.size' value='68187'/>
        <property name='artifact.size' value='68187'/>
        <property name='download.md5' value='ea7c772fdb5966d259f7e98a4cf2f043'/>
        <property name='download.checksum.md5' value='ea7c772fdb5966d259f7e98a4cf2f043'/>
        <property name='download.checksum.sha-256' value='c3a9ae065c95a1787f05a085ea71a128e9723c2ef4007e0c8f3b9b385424702e'/>
      </properties>
    </artifact>
    <artifact classifier='osgi.bundle' id='org.eclipse.equinox.p2.engine' version='2.6.500.v20191014-1645'>
      <properties size='5'>
        <property name='download.size' value='211432'/>
        <property name='artifact.size' value='211432'/>
        <property name='download.md5' value='47e8c2a804be45a04ab4402e5a56ea91'/>
        <property name='download.checksum.md5' value='47e8c2a804be45a04ab4402e5a56ea91'/>
        <property name='download.checksum.sha-256' value='19c683998219f2b26cf967ae7aa0cb1f59ddcf77cfe149b60747843841ea9b2e'/>
      </properties>
    </artifact>
    <artifact classifier='osgi.bundle' id='org.eclipse.equinox.p2.touchpoint.natives' version='1.3.400.v20191017-1917'>
      <properties size='5'>
        <property name='download.size' value='80148'/>
        <property name='artifact.size' value='80148'/>
        <property name='download.md5' value='e236230ed9908d3426c26aeb95130dc1'/>
        <property name='download.checksum.md5' value='e236230ed9908d3426c26aeb95130dc1'/>
        <property name='download.checksum.sha-256' value='ae08e89c60db61d77d3b3a0cc50cf9b67e3df629d6faefcb06cb2263f9c5cd06'/>
      </properties>
    </artifact>
    <artifact classifier='osgi.bundle' id='org.eclipse.equinox.p2.director.app' version='1.1.400.v20191015-1945'>
      <properties size='5'>
        <property name='download.size' value='57806'/>
        <property name='artifact.size' value='57806'/>
        <property name='download.md5' value='3b3167369ca78e952cde0f1ec01cb9d2'/>
        <property name='download.checksum.md5' value='3b3167369ca78e952cde0f1ec01cb9d2'/>
        <property name='download.checksum.sha-256' value='eb5262fcdfd83926b0d4e324a080797f39dee7a585cce121c0eef8cac2d808a2'/>
      </properties>
    </artifact>
    <artifact classifier='osgi.bundle' id='org.eclipse.osgi.compatibility.state' version='1.1.600.v20190814-1451'>
      <properties size='5'>
        <property name='download.size' value='247626'/>
        <property name='artifact.size' value='247626'/>
        <property name='download.md5' value='023b02aa32914ef7ae69a1d1fdbef4a2'/>
        <property name='download.checksum.md5' value='023b02aa32914ef7ae69a1d1fdbef4a2'/>
        <property name='download.checksum.sha-256' value='706bb5521c4af891d65094570bac572dcb0150c5146ddb09c59aee73fd464b8d'/>
      </properties>
    </artifact>
    <artifact classifier='osgi.bundle' id='org.eclipse.equinox.simpleconfigurator' version='1.3.400.v20191015-1836'>
      <properties size='5'>
        <property name='download.size' value='46072'/>
        <property name='artifact.size' value='46072'/>
        <property name='download.md5' value='e469b4c88fb63ac26d4dd1dd6e8ff665'/>
        <property name='download.checksum.md5' value='e469b4c88fb63ac26d4dd1dd6e8ff665'/>
        <property name='download.checksum.sha-256' value='4c60fd5d586455651829193278ebbb911f25ac1ecb9cb5ab011f5298047d2c00'/>
      </properties>
    </artifact>
    <artifact classifier='osgi.bundle' id='org.eclipse.equinox.registry' version='3.8.600.v20191017-2055'>
      <properties size='5'>
        <property name='download.size' value='193960'/>
        <property name='artifact.size' value='193960'/>
        <property name='download.md5' value='910883fec1122c5fbf19eb6184df40e8'/>
        <property name='download.checksum.md5' value='910883fec1122c5fbf19eb6184df40e8'/>
        <property name='download.checksum.sha-256' value='f000fe9431a1ae4e4e1b99b01d44656737981f43e9dc91bb1cee243821d12f50'/>
      </properties>
    </artifact>
    <artifact classifier='osgi.bundle' id='org.eclipse.osgi.util' version='3.5.300.v20190708-1141'>
      <properties size='5'>
        <property name='download.size' value='73510'/>
        <property name='artifact.size' value='73510'/>
        <property name='download.md5' value='5f0964395e1b85e963571afbbce95e8f'/>
        <property name='download.checksum.md5' value='5f0964395e1b85e963571afbbce95e8f'/>
        <property name='download.checksum.sha-256' value='a32ae49060f4a57cd9d97cece7a7237d3f17b07b525f0f5b96e87b3734ec7d4a'/>
      </properties>
    </artifact>
    <artifact classifier='osgi.bundle' id='org.eclipse.equinox.p2.artifact.repository' version='1.3.300.v20191015-1504'>
      <properties size='5'>
        <property name='download.size' value='156665'/>
        <property name='artifact.size' value='156665'/>
        <property name='download.md5' value='dc7dc93727e7c307db28b89047f33474'/>
        <property name='download.checksum.md5' value='dc7dc93727e7c307db28b89047f33474'/>
        <property name='download.checksum.sha-256' value='0df5ef94eedd0840dd7b6022ea5c01574288684f71b1990d79ab3d7e50c9cee1'/>
      </properties>
    </artifact>
    <artifact classifier='osgi.bundle' id='org.eclipse.equinox.p2.touchpoint.eclipse' version='2.2.500.v20191114-1206'>
      <properties size='5'>
        <property name='download.size' value='132476'/>
        <property name='artifact.size' value='132476'/>
        <property name='download.md5' value='8ec8e68e61d5662c29fe69b960b234dc'/>
        <property name='download.checksum.md5' value='8ec8e68e61d5662c29fe69b960b234dc'/>
        <property name='download.checksum.sha-256' value='72518010460b53de8e002352b95c7dbde742440e06fe69f56a254cbbf7a2b995'/>
      </properties>
    </artifact>
    <artifact classifier='osgi.bundle' id='org.apache.felix.scr' version='2.1.14.v20190123-1619'>
      <properties size='5'>
        <property name='download.size' value='412632'/>
        <property name='artifact.size' value='412632'/>
        <property name='download.md5' value='4e76946cc6cee4393082920582d9aa82'/>
        <property name='download.checksum.md5' value='4e76946cc6cee4393082920582d9aa82'/>
        <property name='download.checksum.sha-256' value='67462ba7201931cd705cc2574ae9aecd3600fef57d48bb7d6313c8a4620a80b2'/>
      </properties>
    </artifact>
    <artifact classifier='osgi.bundle' id='org.eclipse.equinox.p2.publisher.eclipse' version='1.3.400.v20191018-2256'>
      <properties size='5'>
        <property name='download.size' value='240344'/>
        <property name='artifact.size' value='240344'/>
        <property name='download.md5' value='d968a5ab191db90e830980b2ceab17f7'/>
        <property name='download.checksum.md5' value='d968a5ab191db90e830980b2ceab17f7'/>
        <property name='download.checksum.sha-256' value='2c5ab0a3e9163fab78a0eed6ef42dd881409663a2d88704444473d460637236b'/>
      </properties>
    </artifact>
    <artifact classifier='osgi.bundle' id='org.eclipse.ecf.identity' version='3.9.300.v20191020-1846'>
      <properties size='5'>
        <property name='download.size' value='65063'/>
        <property name='artifact.size' value='65063'/>
        <property name='download.md5' value='e342e03a018a98550426d0a1569347cc'/>
        <property name='download.checksum.md5' value='e342e03a018a98550426d0a1569347cc'/>
        <property name='download.checksum.sha-256' value='618e953cea260404ce3644f368274b6e6f1a762e37da976501cf73e7e02909d3'/>
      </properties>
    </artifact>
    <artifact classifier='osgi.bundle' id='org.eclipse.osgi.services' version='3.8.0.v20190206-2147'>
      <properties size='5'>
        <property name='download.size' value='128680'/>
        <property name='artifact.size' value='128680'/>
        <property name='download.md5' value='a482790758ee1bbff8f167ef87fd0116'/>
        <property name='download.checksum.md5' value='a482790758ee1bbff8f167ef87fd0116'/>
        <property name='download.checksum.sha-256' value='ce2ecca62cbb6148ca4013c586eaf37aac99c669a96902bead57b30aba0eb49a'/>
      </properties>
    </artifact>
    <artifact classifier='osgi.bundle' id='org.eclipse.ecf' version='3.9.4.v20191020-1846'>
      <properties size='5'>
        <property name='download.size' value='124286'/>
        <property name='artifact.size' value='124286'/>
        <property name='download.md5' value='c3fec720f0a2af17682454740dd63399'/>
        <property name='download.checksum.md5' value='c3fec720f0a2af17682454740dd63399'/>
        <property name='download.checksum.sha-256' value='b404f80212b17be802af7a9c9a1475b8063e2ac5fcd4cc2c055409982f419176'/>
      </properties>
    </artifact>
    <artifact classifier='osgi.bundle' id='org.eclipse.equinox.concurrent' version='1.1.400.v20190621-0852'>
      <properties size='5'>
        <property name='download.size' value='26576'/>
        <property name='artifact.size' value='26576'/>
        <property name='download.md5' value='4d093c4a09727f539b7aedbf45faa91b'/>
        <property name='download.checksum.md5' value='4d093c4a09727f539b7aedbf45faa91b'/>
        <property name='download.checksum.sha-256' value='13844f1ee6a5dbdcfbe52d07bdaf8e8725714f956f299fd964fd859f32c26a2f'/>
      </properties>
    </artifact>
    <artifact classifier='osgi.bundle' id='org.eclipse.core.contenttype' version='3.7.500.v20190916-2125'>
      <properties size='5'>
        <property name='download.size' value='101221'/>
        <property name='artifact.size' value='101221'/>
        <property name='download.md5' value='83c27bdbb122bea9a96791a40895111e'/>
        <property name='download.checksum.md5' value='83c27bdbb122bea9a96791a40895111e'/>
        <property name='download.checksum.sha-256' value='8ce3a148e85abcb582bc9cd407433aea9119be49c8f451e82f17ca48c4803506'/>
      </properties>
    </artifact>
    <artifact classifier='osgi.bundle' id='org.eclipse.equinox.p2.metadata' version='2.4.600.v20191002-0702'>
      <properties size='5'>
        <property name='download.size' value='360544'/>
        <property name='artifact.size' value='360544'/>
        <property name='download.md5' value='383793648e3d49bc3bd8942b2a9cf2a8'/>
        <property name='download.checksum.md5' value='383793648e3d49bc3bd8942b2a9cf2a8'/>
        <property name='download.checksum.sha-256' value='c4793815f15760c415713e6feadda0964cf08b1269953dd0068084563529f6e2'/>
      </properties>
    </artifact>
    <artifact classifier='osgi.bundle' id='org.eclipse.ecf.provider.filetransfer.ssl' version='1.0.101.v20191012-1926'>
      <properties size='5'>
        <property name='download.size' value='9907'/>
        <property name='artifact.size' value='9907'/>
        <property name='download.md5' value='e36f7f32cb1a66d8f3ac1fd7842f6b27'/>
        <property name='download.checksum.md5' value='e36f7f32cb1a66d8f3ac1fd7842f6b27'/>
        <property name='download.checksum.sha-256' value='f8879c786cc0bf6c17fd536c60fd9728bb27265143d9fb4d4fb7e29d14f30ff1'/>
      </properties>
    </artifact>
    <artifact classifier='osgi.bundle' id='org.eclipse.equinox.p2.garbagecollector' version='1.1.300.v20191015-1207'>
      <properties size='5'>
        <property name='download.size' value='25689'/>
        <property name='artifact.size' value='25689'/>
        <property name='download.md5' value='279fa4f96d9fa977da068ef27f6df6db'/>
        <property name='download.checksum.md5' value='279fa4f96d9fa977da068ef27f6df6db'/>
        <property name='download.checksum.sha-256' value='de73b5787a269c6583ec17e139034372f7c546b07605afb4d0ed54162310adaa'/>
      </properties>
    </artifact>
    <artifact classifier='osgi.bundle' id='org.eclipse.equinox.ds' version='1.6.100.v20191001-1333'>
      <properties size='5'>
        <property name='download.size' value='29193'/>
        <property name='artifact.size' value='29193'/>
        <property name='download.md5' value='09d20672fa23ba03226e9d541610c79d'/>
        <property name='download.checksum.md5' value='09d20672fa23ba03226e9d541610c79d'/>
        <property name='download.checksum.sha-256' value='b1871be957410a37a0bef0afb4be37f2cb14f7c7d5631fcae633260863eb652f'/>
      </properties>
    </artifact>
    <artifact classifier='osgi.bundle' id='org.apache.commons.codec' version='1.10.0.v20180409-1845'>
      <properties size='5'>
        <property name='download.size' value='312034'/>
        <property name='artifact.size' value='312034'/>
        <property name='download.md5' value='ac32cde1532b70915b62d0572d87dc53'/>
        <property name='download.checksum.md5' value='ac32cde1532b70915b62d0572d87dc53'/>
        <property name='download.checksum.sha-256' value='cee262c8bc1534558e28bfe55ba33faa774d3cc03c2b6fcfee7d43b74f1e65b3'/>
      </properties>
    </artifact>
    <artifact classifier='osgi.bundle' id='org.eclipse.equinox.security' version='1.3.400.v20191008-0645'>
      <properties size='5'>
        <property name='download.size' value='113301'/>
        <property name='artifact.size' value='113301'/>
        <property name='download.md5' value='0bf528d9e52927b01691b624403a184c'/>
        <property name='download.checksum.md5' value='0bf528d9e52927b01691b624403a184c'/>
        <property name='download.checksum.sha-256' value='7f8b450dfd8ad9fbcaf667729dc7dd9af9779011aa4658f9a26d756b2023727a'/>
      </properties>
    </artifact>
    <artifact classifier='osgi.bundle' id='org.eclipse.tycho.noopsecurity' version='1.6.0'>
      <properties size='8'>
        <property name='artifact.size' value='5008'/>
        <property name='download.size' value='5008'/>
        <property name='maven-groupId' value='org.eclipse.tycho'/>
        <property name='maven-artifactId' value='org.eclipse.tycho.noopsecurity'/>
        <property name='maven-version' value='1.6.0'/>
        <property name='download.md5' value='7e3517fbd6c83b06f10af89a4ed26283'/>
        <property name='download.checksum.md5' value='7e3517fbd6c83b06f10af89a4ed26283'/>
        <property name='download.checksum.sha-256' value='0a8600686896670e1101ead24d6f4ec0376b04f67fa74e4eef8b7cc0650ed1d0'/>
      </properties>
    </artifact>
    <artifact classifier='osgi.bundle' id='org.tukaani.xz' version='1.8.0.v20180207-1613'>
      <properties size='5'>
        <property name='download.size' value='128232'/>
        <property name='artifact.size' value='128232'/>
        <property name='download.md5' value='0cd7ec10b7a4a1e7abea3797e05543d8'/>
        <property name='download.checksum.md5' value='0cd7ec10b7a4a1e7abea3797e05543d8'/>
        <property name='download.checksum.sha-256' value='fa14c8f465b76f01320b6471f52a3803df30a7151d95256032b99af461698147'/>
      </properties>
    </artifact>
    <artifact classifier='osgi.bundle' id='org.eclipse.equinox.app' version='1.4.300.v20190815-1535'>
      <properties size='5'>
        <property name='download.size' value='89371'/>
        <property name='artifact.size' value='89371'/>
        <property name='download.md5' value='17cc72ebe69beeb0dce62f306a455780'/>
        <property name='download.checksum.md5' value='17cc72ebe69beeb0dce62f306a455780'/>
        <property name='download.checksum.sha-256' value='41bedddb78dfc45698c48515a8e716bc18131017e1d71f1141be958f9bec0e2d'/>
      </properties>
    </artifact>
    <artifact classifier='osgi.bundle' id='org.eclipse.equinox.p2.repository' version='2.4.600.v20191016-0510'>
      <properties size='5'>
        <property name='download.size' value='142160'/>
        <property name='artifact.size' value='142160'/>
        <property name='download.md5' value='4237e2dea6cc5dce344ac221c3796bed'/>
        <property name='download.checksum.md5' value='4237e2dea6cc5dce344ac221c3796bed'/>
        <property name='download.checksum.sha-256' value='f3ace2810c33a19a897e7ad43f92530bdd1ba0d67002799a66fdcdb65e76abb5'/>
      </properties>
    </artifact>
    <artifact classifier='osgi.bundle' id='org.eclipse.equinox.common' version='3.10.600.v20191004-1420'>
      <properties size='5'>
        <property name='download.size' value='123200'/>
        <property name='artifact.size' value='123200'/>
        <property name='download.md5' value='24a8145bb35877f72f89ec296e60b5fa'/>
        <property name='download.checksum.md5' value='24a8145bb35877f72f89ec296e60b5fa'/>
        <property name='download.checksum.sha-256' value='c9aab4db9b9bf9728c4fb6a17f50e49d6c2ba389e149d8df694a797735b12d8b'/>
      </properties>
    </artifact>
    <artifact classifier='osgi.bundle' id='org.eclipse.equinox.p2.repository.tools' version='2.2.400.v20191016-0510'>
      <properties size='5'>
        <property name='download.size' value='254067'/>
        <property name='artifact.size' value='254067'/>
        <property name='download.md5' value='3e3c006323a06729f4ca47f327118988'/>
        <property name='download.checksum.md5' value='3e3c006323a06729f4ca47f327118988'/>
        <property name='download.checksum.sha-256' value='c02953fd6ffb4f12141c7b06c1a4f330927213826d0a6f8123738830ee498cca'/>
      </properties>
    </artifact>
    <artifact classifier='osgi.bundle' id='org.eclipse.equinox.p2.jarprocessor' version='1.1.500.v20191014-1732'>
      <properties size='5'>
        <property name='download.size' value='73679'/>
        <property name='artifact.size' value='73679'/>
        <property name='download.md5' value='e37dbcad99fb3ba27a62d7c022e0fd47'/>
        <property name='download.checksum.md5' value='e37dbcad99fb3ba27a62d7c022e0fd47'/>
        <property name='download.checksum.sha-256' value='810a3b8e818c1d886f74e9ac5c2516deace2e93951b72cb8014ffc71d212d9db'/>
      </properties>
    </artifact>
    <artifact classifier='osgi.bundle' id='org.apache.httpcomponents.httpclient' version='4.5.6.v20190503-0009'>
      <properties size='5'>
        <property name='download.size' value='1030102'/>
        <property name='artifact.size' value='1030102'/>
        <property name='download.md5' value='51896e5879a9c739bcc597494936f305'/>
        <property name='download.checksum.md5' value='51896e5879a9c739bcc597494936f305'/>
        <property name='download.checksum.sha-256' value='4ae35b098c934b9923da87f5c98298f13a7a6e5bb84ab6f34899cc8965d4aecf'/>
      </properties>
    </artifact>
    <artifact classifier='osgi.bundle' id='org.eclipse.equinox.p2.transport.ecf' version='1.2.300.v20191001-0955'>
      <properties size='5'>
        <property name='download.size' value='44446'/>
        <property name='artifact.size' value='44446'/>
        <property name='download.md5' value='b1f8f5358b6a87327b3502029406eaae'/>
        <property name='download.checksum.md5' value='b1f8f5358b6a87327b3502029406eaae'/>
        <property name='download.checksum.sha-256' value='b195fb8525834e8f1722660c5d1d30fe7e8e3755edb58b1714a91aa9b97ad21b'/>
      </properties>
    </artifact>
    <artifact classifier='osgi.bundle' id='org.eclipse.equinox.p2.core' version='2.6.200.v20191014-1220'>
      <properties size='5'>
        <property name='download.size' value='76730'/>
        <property name='artifact.size' value='76730'/>
        <property name='download.md5' value='8850fe5a180a807294bb55ba2fa09b3e'/>
        <property name='download.checksum.md5' value='8850fe5a180a807294bb55ba2fa09b3e'/>
        <property name='download.checksum.sha-256' value='603114938878777c3f6c21784b6e82ae3f2901a725bb0b2b75f2fbb0ef4e1c4c'/>
      </properties>
    </artifact>
    <artifact classifier='osgi.bundle' id='org.eclipse.osgi' version='3.15.100.v20191114-1701'>
      <properties size='5'>
        <property name='download.size' value='1463810'/>
        <property name='artifact.size' value='1463810'/>
        <property name='download.md5' value='bb8b0be2fdaf2d6e2eecfaace8b7a4c5'/>
        <property name='download.checksum.md5' value='bb8b0be2fdaf2d6e2eecfaace8b7a4c5'/>
        <property name='download.checksum.sha-256' value='f3d12712310f8647a3ac180e2a43c3039185797415c7273452c7840cd0eb6687'/>
      </properties>
    </artifact>
    <artifact classifier='osgi.bundle' id='org.eclipse.core.jobs' version='3.10.600.v20191122-2104'>
      <properties size='5'>
        <property name='download.size' value='107591'/>
        <property name='artifact.size' value='107591'/>
        <property name='download.md5' value='0bcfe6b5d00b4bbf49d268c55a6730df'/>
        <property name='download.checksum.md5' value='0bcfe6b5d00b4bbf49d268c55a6730df'/>
        <property name='download.checksum.sha-256' value='64e17994c5750c43927142dd01a4ff4e07aac4e76d51181254e93d6e89ec49a2'/>
      </properties>
    </artifact>
    <artifact classifier='osgi.bundle' id='org.eclipse.equinox.p2.publisher' version='1.5.300.v20191016-0507'>
      <properties size='5'>
        <property name='download.size' value='100396'/>
        <property name='artifact.size' value='100396'/>
        <property name='download.md5' value='abc674b3389d1c4045946a8b55b45436'/>
        <property name='download.checksum.md5' value='abc674b3389d1c4045946a8b55b45436'/>
        <property name='download.checksum.sha-256' value='4b1f0230091c4c42b11b2fb430601734352ce97712a228b494f48676281b184c'/>
      </properties>
    </artifact>
    <artifact classifier='osgi.bundle' id='org.eclipse.equinox.p2.metadata.repository' version='1.3.300.v20191002-0702'>
      <properties size='5'>
        <property name='download.size' value='133342'/>
        <property name='artifact.size' value='133342'/>
        <property name='download.md5' value='8d87b58f49b04d7ef5bd92f3e1a3f297'/>
        <property name='download.checksum.md5' value='8d87b58f49b04d7ef5bd92f3e1a3f297'/>
        <property name='download.checksum.sha-256' value='2a45f2664019576014948be0acf5527554b447f9c9a2e0c1099bf6d28c9628d8'/>
      </properties>
    </artifact>
    <artifact classifier='osgi.bundle' id='org.eclipse.core.runtime' version='3.17.0.v20191122-2104'>
      <properties size='5'>
        <property name='download.size' value='73961'/>
        <property name='artifact.size' value='73961'/>
        <property name='download.md5' value='9416f4fcdb64f5d597ff9c11528d542c'/>
        <property name='download.checksum.md5' value='9416f4fcdb64f5d597ff9c11528d542c'/>
        <property name='download.checksum.sha-256' value='adec8fe58e0d3860f16dba26f5840269d088327c7aec5a776a9868842e079917'/>
      </properties>
    </artifact>
  </artifacts>
</repository>
