<?xml version='1.0' encoding='UTF-8'?>
<?artifactRepository version='1.1.0'?>
<repository name='Repository with p2 Director Bundles' type='org.eclipse.equinox.p2.artifact.repository.simpleRepository' version='1'>
  <properties size='2'>
    <property name='p2.timestamp' value='1587134296445'/>
    <property name='publishPackFilesAsSiblings' value='true'/>
  </properties>
  <mappings size='5'>
    <rule filter='(&amp; (classifier=osgi.bundle) (format=packed))' output='${repoUrl}/plugins/${id}_${version}.jar.pack.gz'/>
    <rule filter='(&amp; (classifier=osgi.bundle))' output='${repoUrl}/plugins/${id}_${version}.jar'/>
    <rule filter='(&amp; (classifier=binary))' output='${repoUrl}/binary/${id}_${version}'/>
    <rule filter='(&amp; (classifier=org.eclipse.update.feature) (format=packed))' output='${repoUrl}/features/${id}_${version}.jar.pack.gz'/>
    <rule filter='(&amp; (classifier=org.eclipse.update.feature))' output='${repoUrl}/features/${id}_${version}.jar'/>
  </mappings>
  <artifacts size='52'>
    <artifact classifier='osgi.bundle' id='org.eclipse.equinox.common' version='3.11.0.v20200206-0817'>
      <properties size='5'>
        <property name='download.size' value='124181'/>
        <property name='artifact.size' value='124181'/>
        <property name='download.md5' value='f417bf124283f882b3b47007cd5b1370'/>
        <property name='download.checksum.md5' value='f417bf124283f882b3b47007cd5b1370'/>
        <property name='download.checksum.sha-256' value='96548f18b087c2b9e4b34289180dd1f740aca11d5dd26948436ba8c8f2cd27d8'/>
      </properties>
    </artifact>
    <artifact classifier='osgi.bundle' id='org.sat4j.pb' version='2.3.5.v201404071733'>
      <properties size='5'>
        <property name='download.size' value='249896'/>
        <property name='artifact.size' value='249896'/>
        <property name='download.md5' value='cb30c74eeb45cc776da7cd4aa0e2dbb8'/>
        <property name='download.checksum.md5' value='cb30c74eeb45cc776da7cd4aa0e2dbb8'/>
        <property name='download.checksum.sha-256' value='7d5d00839545c0bb49768b0faef8b03811a5e798138455a34a82897491ce772b'/>
      </properties>
    </artifact>
    <artifact classifier='osgi.bundle' id='org.eclipse.equinox.p2.transport.ecf' version='1.2.400.v20200123-2221'>
      <properties size='5'>
        <property name='download.size' value='44445'/>
        <property name='artifact.size' value='44445'/>
        <property name='download.md5' value='d8e433e4df5086a0e548703b832fcdcd'/>
        <property name='download.checksum.md5' value='d8e433e4df5086a0e548703b832fcdcd'/>
        <property name='download.checksum.sha-256' value='293fe3888622e7c4158920aa63c8b72394c2cba89ab3b81a9d0e731d6f083b55'/>
      </properties>
    </artifact>
    <artifact classifier='osgi.bundle' id='org.eclipse.ecf.provider.filetransfer' version='3.2.500.v20191017-1905'>
      <properties size='5'>
        <property name='download.size' value='129452'/>
        <property name='artifact.size' value='129452'/>
        <property name='download.md5' value='81a00c3079b12e1eb1c47182bee1860a'/>
        <property name='download.checksum.md5' value='81a00c3079b12e1eb1c47182bee1860a'/>
        <property name='download.checksum.sha-256' value='83862bd410c698dc312938a55c0a49c85b7a699b40eb8795eadaa62aa465e49c'/>
      </properties>
    </artifact>
    <artifact classifier='osgi.bundle' id='org.eclipse.equinox.p2.repository' version='2.4.700.v20200110-2121'>
      <properties size='5'>
        <property name='download.size' value='142116'/>
        <property name='artifact.size' value='142116'/>
        <property name='download.md5' value='ef8bae01b9fc643ba2d7e9591afcee0a'/>
        <property name='download.checksum.md5' value='ef8bae01b9fc643ba2d7e9591afcee0a'/>
        <property name='download.checksum.sha-256' value='c4c1a0bc1d404fcffa84f2aa0b4004b475f464beacc06022d3976525955ef00f'/>
      </properties>
    </artifact>
    <artifact classifier='osgi.bundle' id='org.eclipse.equinox.concurrent' version='1.1.500.v20200106-1437'>
      <properties size='5'>
        <property name='download.size' value='26570'/>
        <property name='artifact.size' value='26570'/>
        <property name='download.md5' value='ffd32c62901502e37a6025b39a505928'/>
        <property name='download.checksum.md5' value='ffd32c62901502e37a6025b39a505928'/>
        <property name='download.checksum.sha-256' value='6d469bb5bf446191a834b7f5b4c15f513b204b13f58740a8248b184d4a82721d'/>
      </properties>
    </artifact>
    <artifact classifier='osgi.bundle' id='org.eclipse.equinox.launcher' version='1.5.700.v20200207-2156'>
      <properties size='5'>
        <property name='download.size' value='53088'/>
        <property name='artifact.size' value='53088'/>
        <property name='download.md5' value='262636c6862037170eb79d2f5f539604'/>
        <property name='download.checksum.md5' value='262636c6862037170eb79d2f5f539604'/>
        <property name='download.checksum.sha-256' value='921ef5c30eca4d1af808de2a9ef7dc303c3e84172fffb55b9246782e6217889c'/>
      </properties>
    </artifact>
    <artifact classifier='osgi.bundle' id='org.eclipse.ecf.filetransfer' version='5.1.0.v20200217-0016'>
      <properties size='5'>
        <property name='download.size' value='53278'/>
        <property name='artifact.size' value='53278'/>
        <property name='download.md5' value='289a4da50628ebb5b9e466b8e23ee109'/>
        <property name='download.checksum.md5' value='289a4da50628ebb5b9e466b8e23ee109'/>
        <property name='download.checksum.sha-256' value='57d0f3662c90ea504cb271a0a2fdcb5a93cfbd1bfaaec2296dbde0517df9c27e'/>
      </properties>
    </artifact>
    <artifact classifier='osgi.bundle' id='org.eclipse.ecf.ssl' version='1.2.300.v20191012-1926'>
      <properties size='5'>
        <property name='download.size' value='15676'/>
        <property name='artifact.size' value='15676'/>
        <property name='download.md5' value='fdb6a26379840dc86a8157c8318c7b32'/>
        <property name='download.checksum.md5' value='fdb6a26379840dc86a8157c8318c7b32'/>
        <property name='download.checksum.sha-256' value='3d0efe000a46b540d7b466cbb72d9f445c8923dc9245363c4e5c2763ff14d74a'/>
      </properties>
    </artifact>
    <artifact classifier='osgi.bundle' id='org.eclipse.osgi' version='3.15.200.v20200214-1600'>
      <properties size='5'>
        <property name='download.size' value='1478551'/>
        <property name='artifact.size' value='1478551'/>
        <property name='download.md5' value='d727a4776fb3e0bde37ba08fa53bf525'/>
        <property name='download.checksum.md5' value='d727a4776fb3e0bde37ba08fa53bf525'/>
        <property name='download.checksum.sha-256' value='a57028f70576777143122704f3b511da838b016a807d0cc4b1cc6b1c41ec6634'/>
      </properties>
    </artifact>
    <artifact classifier='osgi.bundle' id='org.eclipse.equinox.frameworkadmin' version='2.1.400.v20191002-0702'>
      <properties size='5'>
        <property name='download.size' value='36937'/>
        <property name='artifact.size' value='36937'/>
        <property name='download.md5' value='d39615d80cb41df8111a67b26b8fad66'/>
        <property name='download.checksum.md5' value='d39615d80cb41df8111a67b26b8fad66'/>
        <property name='download.checksum.sha-256' value='16681d4fecca995e33c1696a460518f3c79da7cceeb8f4f60782bf16eabd3d47'/>
      </properties>
    </artifact>
    <artifact classifier='osgi.bundle' id='org.eclipse.core.jobs' version='3.10.700.v20200106-1020'>
      <properties size='5'>
        <property name='download.size' value='107668'/>
        <property name='artifact.size' value='107668'/>
        <property name='download.md5' value='e288f9883948c0206869245e9abb5465'/>
        <property name='download.checksum.md5' value='e288f9883948c0206869245e9abb5465'/>
        <property name='download.checksum.sha-256' value='1f92682914c605b011380ef0640a1ed1b27f51c8875f4f8bf6c5d72aa0c73134'/>
      </properties>
    </artifact>
    <artifact classifier='osgi.bundle' id='org.sat4j.core' version='2.3.5.v201308161310'>
      <properties size='5'>
        <property name='download.size' value='376173'/>
        <property name='artifact.size' value='376173'/>
        <property name='download.md5' value='de3623314aad2c9981684a1410c74b44'/>
        <property name='download.checksum.md5' value='de3623314aad2c9981684a1410c74b44'/>
        <property name='download.checksum.sha-256' value='c679e2a48f80eb4462f72662198c8941d37ce58bf0c4a4e97a6d40351fcf0fb5'/>
      </properties>
    </artifact>
    <artifact classifier='osgi.bundle' id='org.eclipse.equinox.security' version='1.3.500.v20200114-1637'>
      <properties size='5'>
        <property name='download.size' value='113283'/>
        <property name='artifact.size' value='113283'/>
        <property name='download.md5' value='fb0c87d6f7171712dd405a04b372af07'/>
        <property name='download.checksum.md5' value='fb0c87d6f7171712dd405a04b372af07'/>
        <property name='download.checksum.sha-256' value='f52c5504a89302faa9ad308a5ac28fcca41c8dc058c5e5811c43c34ef010f883'/>
      </properties>
    </artifact>
    <artifact classifier='osgi.bundle' id='org.apache.commons.logging' version='1.2.0.v20180409-1502'>
      <properties size='5'>
        <property name='download.size' value='73163'/>
        <property name='artifact.size' value='73163'/>
        <property name='download.md5' value='8e263d3b13a0115210cbc9b02ed5809d'/>
        <property name='download.checksum.md5' value='8e263d3b13a0115210cbc9b02ed5809d'/>
        <property name='download.checksum.sha-256' value='d01b932f01fd623a0d34cc00137edd0f05270b52c4a32cc8e927c911791d9e20'/>
      </properties>
    </artifact>
    <artifact classifier='osgi.bundle' id='org.eclipse.equinox.p2.publisher.eclipse' version='1.3.500.v20200203-1449'>
      <properties size='5'>
        <property name='download.size' value='240445'/>
        <property name='artifact.size' value='240445'/>
        <property name='download.md5' value='a6faf6a9c8e871b5b669f588f5d94cc7'/>
        <property name='download.checksum.md5' value='a6faf6a9c8e871b5b669f588f5d94cc7'/>
        <property name='download.checksum.sha-256' value='a52d4fd3ca3024681de45e7ed32a6b9771602ff0166dd46a6b3dc5f2079f5f97'/>
      </properties>
    </artifact>
    <artifact classifier='osgi.bundle' id='org.eclipse.equinox.preferences' version='3.7.700.v20191213-1901'>
      <properties size='5'>
        <property name='download.size' value='132632'/>
        <property name='artifact.size' value='132632'/>
        <property name='download.md5' value='269e7c636ab8cd38ea8b6f17529f3f01'/>
        <property name='download.checksum.md5' value='269e7c636ab8cd38ea8b6f17529f3f01'/>
        <property name='download.checksum.sha-256' value='0cc79607b5dc51a784dd052d2ebb3e74c10487d3ccac77b0afcc3b8eecf8d5af'/>
      </properties>
    </artifact>
    <artifact classifier='osgi.bundle' id='org.eclipse.equinox.p2.director' version='2.4.600.v20200211-1504'>
      <properties size='5'>
        <property name='download.size' value='109426'/>
        <property name='artifact.size' value='109426'/>
        <property name='download.md5' value='f01ae7cd224db8e22a2835a067457540'/>
        <property name='download.checksum.md5' value='f01ae7cd224db8e22a2835a067457540'/>
        <property name='download.checksum.sha-256' value='1b8f5acf6ef18ed684a86e2406dbf2ada654acd5638ed8f754df633d8a3d2202'/>
      </properties>
    </artifact>
    <artifact classifier='osgi.bundle' id='org.eclipse.equinox.p2.jarprocessor' version='1.1.600.v20200217-1130'>
      <properties size='5'>
        <property name='download.size' value='73656'/>
        <property name='artifact.size' value='73656'/>
        <property name='download.md5' value='8a1d30800f2a8b49381c982c7673af31'/>
        <property name='download.checksum.md5' value='8a1d30800f2a8b49381c982c7673af31'/>
        <property name='download.checksum.sha-256' value='9a0f77f2e4d0bd5a1bf421f3fb397cdbfc5c667ca9563c8200450116ad7cadd0'/>
      </properties>
    </artifact>
    <artifact classifier='osgi.bundle' id='org.eclipse.tycho.noopsecurity' version='1.7.0'>
      <properties size='8'>
        <property name='artifact.size' value='4947'/>
        <property name='download.size' value='4947'/>
        <property name='maven-groupId' value='org.eclipse.tycho'/>
        <property name='maven-artifactId' value='org.eclipse.tycho.noopsecurity'/>
        <property name='maven-version' value='1.7.0'/>
        <property name='download.md5' value='96b1ed180382dbea531da95e9d96a934'/>
        <property name='download.checksum.md5' value='96b1ed180382dbea531da95e9d96a934'/>
        <property name='download.checksum.sha-256' value='519f776075f44fce4dfd06c993510e09444a26c1eca2918d8e395944f8a9e333'/>
      </properties>
    </artifact>
    <artifact classifier='osgi.bundle' id='org.eclipse.osgi.util' version='3.5.300.v20190708-1141'>
      <properties size='5'>
        <property name='download.size' value='73510'/>
        <property name='artifact.size' value='73510'/>
        <property name='download.md5' value='5f0964395e1b85e963571afbbce95e8f'/>
        <property name='download.checksum.md5' value='5f0964395e1b85e963571afbbce95e8f'/>
        <property name='download.checksum.sha-256' value='a32ae49060f4a57cd9d97cece7a7237d3f17b07b525f0f5b96e87b3734ec7d4a'/>
      </properties>
    </artifact>
    <artifact classifier='osgi.bundle' id='org.eclipse.osgi.compatibility.state' version='1.1.700.v20200207-2156'>
      <properties size='5'>
        <property name='download.size' value='247749'/>
        <property name='artifact.size' value='247749'/>
        <property name='download.md5' value='6ae5b76b8bad397aea400ce075c02fc4'/>
        <property name='download.checksum.md5' value='6ae5b76b8bad397aea400ce075c02fc4'/>
        <property name='download.checksum.sha-256' value='530cafcdd2f9f878d1aa89af2d435a161d54e22268db71f93b56f04450c22730'/>
      </properties>
    </artifact>
    <artifact classifier='osgi.bundle' id='org.eclipse.equinox.p2.touchpoint.natives' version='1.3.500.v20200218-1022'>
      <properties size='5'>
        <property name='download.size' value='81885'/>
        <property name='artifact.size' value='81885'/>
        <property name='download.md5' value='89934480c9e8cef957cb8b9795d319ac'/>
        <property name='download.checksum.md5' value='89934480c9e8cef957cb8b9795d319ac'/>
        <property name='download.checksum.sha-256' value='93326dbcb71926430c4742d68b0a0115943c8c2f640f6e200f0273ec6977f8cc'/>
      </properties>
    </artifact>
    <artifact classifier='osgi.bundle' id='org.eclipse.equinox.app' version='1.4.400.v20191212-0743'>
      <properties size='5'>
        <property name='download.size' value='89314'/>
        <property name='artifact.size' value='89314'/>
        <property name='download.md5' value='26ba82ebeffdb70db00bc53b2491f7a9'/>
        <property name='download.checksum.md5' value='26ba82ebeffdb70db00bc53b2491f7a9'/>
        <property name='download.checksum.sha-256' value='7dda5a28eada9918ca08bc59b08a65cc02e31eccfb2a4825f2898bf571e7b255'/>
      </properties>
    </artifact>
    <artifact classifier='osgi.bundle' id='org.apache.httpcomponents.httpclient' version='4.5.10.v20200114-1512'>
      <properties size='5'>
        <property name='download.size' value='1040226'/>
        <property name='artifact.size' value='1040226'/>
        <property name='download.md5' value='d164dd671e91b82c9090ac015287cf23'/>
        <property name='download.checksum.md5' value='d164dd671e91b82c9090ac015287cf23'/>
        <property name='download.checksum.sha-256' value='c107e508d99679e97f9501a922598045db76ca959cc299339fe08bd8915dee99'/>
      </properties>
    </artifact>
    <artifact classifier='osgi.bundle' id='org.eclipse.ecf.identity' version='3.9.300.v20191020-1846'>
      <properties size='5'>
        <property name='download.size' value='65061'/>
        <property name='artifact.size' value='65061'/>
        <property name='download.md5' value='2037229d47f2731b69b1b57e74bea2f5'/>
        <property name='download.checksum.md5' value='2037229d47f2731b69b1b57e74bea2f5'/>
        <property name='download.checksum.sha-256' value='f3af8e7668b3250a2c8487c0982387a256f5cad1648f26c02433553de67d19e1'/>
      </properties>
    </artifact>
    <artifact classifier='osgi.bundle' id='org.eclipse.equinox.p2.metadata.repository' version='1.3.400.v20191211-1528'>
      <properties size='5'>
        <property name='download.size' value='133270'/>
        <property name='artifact.size' value='133270'/>
        <property name='download.md5' value='32552fb8c4ed16d7a7a316c906cf4593'/>
        <property name='download.checksum.md5' value='32552fb8c4ed16d7a7a316c906cf4593'/>
        <property name='download.checksum.sha-256' value='f4eff43f7ae6025429253b60554d71bb2768e9bf0c05e36f3d9251d0cc9afdad'/>
      </properties>
    </artifact>
    <artifact classifier='osgi.bundle' id='org.eclipse.osgi.services' version='3.8.0.v20190206-2147'>
      <properties size='5'>
        <property name='download.size' value='128680'/>
        <property name='artifact.size' value='128680'/>
        <property name='download.md5' value='a482790758ee1bbff8f167ef87fd0116'/>
        <property name='download.checksum.md5' value='a482790758ee1bbff8f167ef87fd0116'/>
        <property name='download.checksum.sha-256' value='ce2ecca62cbb6148ca4013c586eaf37aac99c669a96902bead57b30aba0eb49a'/>
      </properties>
    </artifact>
    <artifact classifier='osgi.bundle' id='org.eclipse.ecf' version='3.9.5.v20200217-1548'>
      <properties size='5'>
        <property name='download.size' value='124271'/>
        <property name='artifact.size' value='124271'/>
        <property name='download.md5' value='c008b9aae57e6e97bd5c50f35d74ebc9'/>
        <property name='download.checksum.md5' value='c008b9aae57e6e97bd5c50f35d74ebc9'/>
        <property name='download.checksum.sha-256' value='c6e2bb1c41daf0a378d2beeedcb5d57d3bc48fd86366d947e15ebd3122bfc137'/>
      </properties>
    </artifact>
    <artifact classifier='osgi.bundle' id='org.eclipse.equinox.simpleconfigurator' version='1.3.500.v20200211-1505'>
      <properties size='5'>
        <property name='download.size' value='46016'/>
        <property name='artifact.size' value='46016'/>
        <property name='download.md5' value='12cf801d7fc7a437b79d1d9f35d8a3e3'/>
        <property name='download.checksum.md5' value='12cf801d7fc7a437b79d1d9f35d8a3e3'/>
        <property name='download.checksum.sha-256' value='95b41d96efd51f0120c0829fdec651b2284753b069a6f865928da2a89ae08dfc'/>
      </properties>
    </artifact>
    <artifact classifier='osgi.bundle' id='org.eclipse.equinox.p2.core' version='2.6.300.v20200211-1504'>
      <properties size='5'>
        <property name='download.size' value='76716'/>
        <property name='artifact.size' value='76716'/>
        <property name='download.md5' value='8ca024404d076150470da236bd6ea156'/>
        <property name='download.checksum.md5' value='8ca024404d076150470da236bd6ea156'/>
        <property name='download.checksum.sha-256' value='03fcb43466770f54f466b32990bb1b72155ab3cd4fe420f89aab37d6f34c70f6'/>
      </properties>
    </artifact>
    <artifact classifier='osgi.bundle' id='org.eclipse.equinox.p2.repository.tools' version='2.2.500.v20200110-2121'>
      <properties size='5'>
        <property name='download.size' value='254231'/>
        <property name='artifact.size' value='254231'/>
        <property name='download.md5' value='7fab5a1c6c827d6c8b92ebac4d021bb8'/>
        <property name='download.checksum.md5' value='7fab5a1c6c827d6c8b92ebac4d021bb8'/>
        <property name='download.checksum.sha-256' value='a8b25113540b45ec7376d90631a594e142336999bba3c01c6d8b4d36de50eccb'/>
      </properties>
    </artifact>
    <artifact classifier='osgi.bundle' id='org.eclipse.equinox.p2.garbagecollector' version='1.1.400.v20200221-1022'>
      <properties size='5'>
        <property name='download.size' value='25396'/>
        <property name='artifact.size' value='25396'/>
        <property name='download.md5' value='4c771fcb6da2d44c3e585c2c3dc195c0'/>
        <property name='download.checksum.md5' value='4c771fcb6da2d44c3e585c2c3dc195c0'/>
        <property name='download.checksum.sha-256' value='fbdbf43d1b53d1ab059209607eb11bb0a8398d3414440a0b2605b4e4f076444a'/>
      </properties>
    </artifact>
    <artifact classifier='osgi.bundle' id='org.eclipse.equinox.p2.director.app' version='1.1.500.v20200211-1504'>
      <properties size='5'>
        <property name='download.size' value='57663'/>
        <property name='artifact.size' value='57663'/>
        <property name='download.md5' value='6f96e45cb80d4e1ae17316baee9c92d6'/>
        <property name='download.checksum.md5' value='6f96e45cb80d4e1ae17316baee9c92d6'/>
        <property name='download.checksum.sha-256' value='8e38834f36eaa6345e6dbf53650732003c77a429bf17e7d4212fceb0bbd7f56c'/>
      </properties>
    </artifact>
    <artifact classifier='osgi.bundle' id='org.eclipse.ecf.provider.filetransfer.ssl' version='1.0.101.v20191012-1926'>
      <properties size='5'>
        <property name='download.size' value='9905'/>
        <property name='artifact.size' value='9905'/>
        <property name='download.md5' value='29d61a02265e72ec1e05703dac3ba815'/>
        <property name='download.checksum.md5' value='29d61a02265e72ec1e05703dac3ba815'/>
        <property name='download.checksum.sha-256' value='0da0a369a59f75e34237c3fd978663d7fb63c0c3c3ac01e6fbc1bc772df32599'/>
      </properties>
    </artifact>
    <artifact classifier='osgi.bundle' id='org.eclipse.core.net' version='1.3.800.v20200218-0937'>
      <properties size='5'>
        <property name='download.size' value='74578'/>
        <property name='artifact.size' value='74578'/>
        <property name='download.md5' value='95c08eceb6202f400b02f24a19819fc8'/>
        <property name='download.checksum.md5' value='95c08eceb6202f400b02f24a19819fc8'/>
        <property name='download.checksum.sha-256' value='940a4a83f54ed00f453dc4c48065d817cca6ea13cdf09d2e12beebc489758e79'/>
      </properties>
    </artifact>
    <artifact classifier='osgi.bundle' id='org.eclipse.equinox.ds' version='1.6.100.v20191001-1333'>
      <properties size='5'>
        <property name='download.size' value='29193'/>
        <property name='artifact.size' value='29193'/>
        <property name='download.md5' value='09d20672fa23ba03226e9d541610c79d'/>
        <property name='download.checksum.md5' value='09d20672fa23ba03226e9d541610c79d'/>
        <property name='download.checksum.sha-256' value='b1871be957410a37a0bef0afb4be37f2cb14f7c7d5631fcae633260863eb652f'/>
      </properties>
    </artifact>
    <artifact classifier='osgi.bundle' id='org.eclipse.core.runtime' version='3.17.100.v20200203-0917'>
      <properties size='5'>
        <property name='download.size' value='73931'/>
        <property name='artifact.size' value='73931'/>
        <property name='download.md5' value='5adb0aa01800ec9adf981fbc5dd9d206'/>
        <property name='download.checksum.md5' value='5adb0aa01800ec9adf981fbc5dd9d206'/>
        <property name='download.checksum.sha-256' value='9e57818311a32dee8b3918d0b4e0194758553c1639b7eaa4d5cc1db83314f525'/>
      </properties>
    </artifact>
    <artifact classifier='osgi.bundle' id='org.eclipse.equinox.p2.metadata' version='2.4.700.v20191213-1911'>
      <properties size='5'>
        <property name='download.size' value='360938'/>
        <property name='artifact.size' value='360938'/>
        <property name='download.md5' value='2c58373a589c098299241be4d9f05ed6'/>
        <property name='download.checksum.md5' value='2c58373a589c098299241be4d9f05ed6'/>
        <property name='download.checksum.sha-256' value='d654816249416aa9d4833b05e0ad776cf3e24463dc704e77027f3ee63d247978'/>
      </properties>
    </artifact>
    <artifact classifier='osgi.bundle' id='org.apache.felix.scr' version='2.1.16.v20200110-1820'>
      <properties size='5'>
        <property name='download.size' value='416644'/>
        <property name='artifact.size' value='416644'/>
        <property name='download.md5' value='882f8da55a316f2e21c0fc0fbbb380bc'/>
        <property name='download.checksum.md5' value='882f8da55a316f2e21c0fc0fbbb380bc'/>
        <property name='download.checksum.sha-256' value='3533c732473c90e881bb6a960dd1a2941494604083889b0768125ca926c1815f'/>
      </properties>
    </artifact>
    <artifact classifier='osgi.bundle' id='org.eclipse.equinox.simpleconfigurator.manipulator' version='2.1.500.v20200211-1505'>
      <properties size='5'>
        <property name='download.size' value='26960'/>
        <property name='artifact.size' value='26960'/>
        <property name='download.md5' value='0349de8013ebbb60ba3598c7596ac1cd'/>
        <property name='download.checksum.md5' value='0349de8013ebbb60ba3598c7596ac1cd'/>
        <property name='download.checksum.sha-256' value='a2438e6e0dd0324f2941d5d8bbe8c6b14fc8d2a12f549db7c1cc22b0cece1711'/>
      </properties>
    </artifact>
    <artifact classifier='osgi.bundle' id='org.eclipse.equinox.frameworkadmin.equinox' version='1.1.300.v20200211-1503'>
      <properties size='5'>
        <property name='download.size' value='68179'/>
        <property name='artifact.size' value='68179'/>
        <property name='download.md5' value='5e3329f0c4a2a952d2b8d3e37376f42e'/>
        <property name='download.checksum.md5' value='5e3329f0c4a2a952d2b8d3e37376f42e'/>
        <property name='download.checksum.sha-256' value='2f003b8a6c8b629322211e5eaa4cc05179f4bdf17ae040ff71a3d2bbd7c0e0bb'/>
      </properties>
    </artifact>
    <artifact classifier='osgi.bundle' id='org.eclipse.equinox.p2.engine' version='2.6.600.v20200110-2121'>
      <properties size='5'>
        <property name='download.size' value='211425'/>
        <property name='artifact.size' value='211425'/>
        <property name='download.md5' value='d1c16988dcd3e6d19ba4845bd1470d3c'/>
        <property name='download.checksum.md5' value='d1c16988dcd3e6d19ba4845bd1470d3c'/>
        <property name='download.checksum.sha-256' value='57f4f1686ca931ffb1cbec91753b2c4edec68a394f0d02d22494e870b7af73b2'/>
      </properties>
    </artifact>
    <artifact classifier='osgi.bundle' id='org.eclipse.ecf.provider.filetransfer.httpclient45' version='1.0.200.v20200212-0036'>
      <properties size='5'>
        <property name='download.size' value='83154'/>
        <property name='artifact.size' value='83154'/>
        <property name='download.md5' value='3f4b9469121f452854d3249d06b6cc85'/>
        <property name='download.checksum.md5' value='3f4b9469121f452854d3249d06b6cc85'/>
        <property name='download.checksum.sha-256' value='0ce26ff9983a3bf8fa3a974827a381e975093df742af610941bf12bb146015ca'/>
      </properties>
    </artifact>
    <artifact classifier='osgi.bundle' id='org.tukaani.xz' version='1.8.0.v20180207-1613'>
      <properties size='5'>
        <property name='download.size' value='128232'/>
        <property name='artifact.size' value='128232'/>
        <property name='download.md5' value='0cd7ec10b7a4a1e7abea3797e05543d8'/>
        <property name='download.checksum.md5' value='0cd7ec10b7a4a1e7abea3797e05543d8'/>
        <property name='download.checksum.sha-256' value='fa14c8f465b76f01320b6471f52a3803df30a7151d95256032b99af461698147'/>
      </properties>
    </artifact>
    <artifact classifier='osgi.bundle' id='org.apache.httpcomponents.httpcore' version='4.4.12.v20200108-1212'>
      <properties size='5'>
        <property name='download.size' value='359067'/>
        <property name='artifact.size' value='359067'/>
        <property name='download.md5' value='0a59622765ec29d8b4371c340d9fb179'/>
        <property name='download.checksum.md5' value='0a59622765ec29d8b4371c340d9fb179'/>
        <property name='download.checksum.sha-256' value='50527f0d4e639fd897c8a66e6aaab4904e12fe5c2732adbb988add806087eaac'/>
      </properties>
    </artifact>
    <artifact classifier='osgi.bundle' id='org.eclipse.core.contenttype' version='3.7.600.v20200124-1609'>
      <properties size='5'>
        <property name='download.size' value='100608'/>
        <property name='artifact.size' value='100608'/>
        <property name='download.md5' value='1d4e2c66ecc428dfeab1e108f0edd7c5'/>
        <property name='download.checksum.md5' value='1d4e2c66ecc428dfeab1e108f0edd7c5'/>
        <property name='download.checksum.sha-256' value='347052e98f1068f126a9301b8afa2b5a85ac1316fc594d2f2f122823ec864fd4'/>
      </properties>
    </artifact>
    <artifact classifier='osgi.bundle' id='org.apache.commons.codec' version='1.13.0.v20200108-0001'>
      <properties size='5'>
        <property name='download.size' value='373239'/>
        <property name='artifact.size' value='373239'/>
        <property name='download.md5' value='5ea2dcced63d8c1d14fa3c4fe9b2eaa9'/>
        <property name='download.checksum.md5' value='5ea2dcced63d8c1d14fa3c4fe9b2eaa9'/>
        <property name='download.checksum.sha-256' value='79421969fa89401744aa6e1e792ab237858b45070aa24eca3b8d4a5df4990d2b'/>
      </properties>
    </artifact>
    <artifact classifier='osgi.bundle' id='org.eclipse.equinox.p2.touchpoint.eclipse' version='2.2.600.v20200114-1339'>
      <properties size='5'>
        <property name='download.size' value='132472'/>
        <property name='artifact.size' value='132472'/>
        <property name='download.md5' value='837ffdccc058ee2ff6469c019aad9457'/>
        <property name='download.checksum.md5' value='837ffdccc058ee2ff6469c019aad9457'/>
        <property name='download.checksum.sha-256' value='6d9249b82e375dc171a38b0af2bf2d76525fee7341765b72af7f73b0fdc1ebc9'/>
      </properties>
    </artifact>
    <artifact classifier='osgi.bundle' id='org.eclipse.equinox.registry' version='3.8.700.v20200121-1457'>
      <properties size='5'>
        <property name='download.size' value='194150'/>
        <property name='artifact.size' value='194150'/>
        <property name='download.md5' value='bd205413287a69232fb197cfa65ff22c'/>
        <property name='download.checksum.md5' value='bd205413287a69232fb197cfa65ff22c'/>
        <property name='download.checksum.sha-256' value='7add1f7ef54df022642be2a93e1528efbc54de067ce3f1b2407e73006fb56531'/>
      </properties>
    </artifact>
    <artifact classifier='osgi.bundle' id='org.eclipse.equinox.p2.artifact.repository' version='1.3.400.v20191224-0854'>
      <properties size='5'>
        <property name='download.size' value='156655'/>
        <property name='artifact.size' value='156655'/>
        <property name='download.md5' value='c2eef24a8535452f933c26be41a63086'/>
        <property name='download.checksum.md5' value='c2eef24a8535452f933c26be41a63086'/>
        <property name='download.checksum.sha-256' value='dcf3783bf8db6c6e4d790290d282564d530edc47663d243743db07dd6973ec15'/>
      </properties>
    </artifact>
    <artifact classifier='osgi.bundle' id='org.eclipse.equinox.p2.publisher' version='1.5.300.v20191016-0507'>
      <properties size='5'>
        <property name='download.size' value='100396'/>
        <property name='artifact.size' value='100396'/>
        <property name='download.md5' value='abc674b3389d1c4045946a8b55b45436'/>
        <property name='download.checksum.md5' value='abc674b3389d1c4045946a8b55b45436'/>
        <property name='download.checksum.sha-256' value='4b1f0230091c4c42b11b2fb430601734352ce97712a228b494f48676281b184c'/>
      </properties>
    </artifact>
  </artifacts>
</repository>
