<?xml version='1.0' encoding='UTF-8'?>
<?artifactRepository version='1.1.0'?>
<repository name='Repository with p2 Director Bundles' type='org.eclipse.equinox.p2.artifact.repository.simpleRepository' version='1'>
  <properties size='2'>
    <property name='p2.timestamp' value='1572023011267'/>
    <property name='publishPackFilesAsSiblings' value='true'/>
  </properties>
  <mappings size='5'>
    <rule filter='(&amp; (classifier=osgi.bundle) (format=packed))' output='${repoUrl}/plugins/${id}_${version}.jar.pack.gz'/>
    <rule filter='(&amp; (classifier=osgi.bundle))' output='${repoUrl}/plugins/${id}_${version}.jar'/>
    <rule filter='(&amp; (classifier=binary))' output='${repoUrl}/binary/${id}_${version}'/>
    <rule filter='(&amp; (classifier=org.eclipse.update.feature) (format=packed))' output='${repoUrl}/features/${id}_${version}.jar.pack.gz'/>
    <rule filter='(&amp; (classifier=org.eclipse.update.feature))' output='${repoUrl}/features/${id}_${version}.jar'/>
  </mappings>
  <artifacts size='53'>
    <artifact classifier='osgi.bundle' id='org.eclipse.equinox.launcher' version='1.5.500.v20190715-1310'>
      <properties size='5'>
        <property name='download.size' value='53259'/>
        <property name='artifact.size' value='53259'/>
        <property name='download.md5' value='fa94288316ad634fb74bb8c3c1350f5e'/>
        <property name='download.checksum.md5' value='fa94288316ad634fb74bb8c3c1350f5e'/>
        <property name='download.checksum.sha-256' value='f8a57b5517e09421e0d6a535968bf0140ca47537512fe40ca3ed8b32c9c72b2e'/>
      </properties>
    </artifact>
    <artifact classifier='osgi.bundle' id='org.sat4j.pb' version='2.3.5.v201404071733'>
      <properties size='5'>
        <property name='download.size' value='241956'/>
        <property name='artifact.size' value='241956'/>
        <property name='download.md5' value='76494edaecd18849bb6044f6bda5fc9e'/>
        <property name='download.checksum.md5' value='76494edaecd18849bb6044f6bda5fc9e'/>
        <property name='download.checksum.sha-256' value='28437a7c07a14db84b7a11ca04c32d78cc7bd42f0eb64c287e364c784394bbdc'/>
      </properties>
    </artifact>
    <artifact classifier='osgi.bundle' id='org.eclipse.equinox.preferences' version='3.7.500.v20190815-1535'>
      <properties size='5'>
        <property name='download.size' value='134208'/>
        <property name='artifact.size' value='134208'/>
        <property name='download.md5' value='436c5f273eccb20c3876286ff22738c2'/>
        <property name='download.checksum.md5' value='436c5f273eccb20c3876286ff22738c2'/>
        <property name='download.checksum.sha-256' value='6da980607bbc461afd56d9884d089e71a5153798eede185e2fdc51cac6dae4e1'/>
      </properties>
    </artifact>
    <artifact classifier='osgi.bundle' id='org.eclipse.equinox.frameworkadmin.equinox' version='1.1.100.v20180822-1258'>
      <properties size='5'>
        <property name='download.size' value='67578'/>
        <property name='artifact.size' value='67578'/>
        <property name='download.md5' value='e3bd20d084635389cbac0531625d30d5'/>
        <property name='download.checksum.md5' value='e3bd20d084635389cbac0531625d30d5'/>
        <property name='download.checksum.sha-256' value='27dca426e15b1cec65bbc27d47da88d43cb28c20c4afadb04b878d133961af0b'/>
      </properties>
    </artifact>
    <artifact classifier='osgi.bundle' id='org.eclipse.equinox.p2.touchpoint.natives' version='1.3.300.v20190716-0800'>
      <properties size='5'>
        <property name='download.size' value='79331'/>
        <property name='artifact.size' value='79331'/>
        <property name='download.md5' value='1b1e5fd29957cbbda7177cd8f6c11652'/>
        <property name='download.checksum.md5' value='1b1e5fd29957cbbda7177cd8f6c11652'/>
        <property name='download.checksum.sha-256' value='0028bd00fbea159da6e4d03d4a968e345e11b5993d51d6798597c87f9aadc12b'/>
      </properties>
    </artifact>
    <artifact classifier='osgi.bundle' id='org.eclipse.tycho.noopsecurity' version='1.5.1'>
      <properties size='8'>
        <property name='artifact.size' value='5014'/>
        <property name='download.size' value='5014'/>
        <property name='maven-groupId' value='org.eclipse.tycho'/>
        <property name='maven-artifactId' value='org.eclipse.tycho.noopsecurity'/>
        <property name='maven-version' value='1.5.1'/>
        <property name='download.md5' value='84974a4c1ac0a9407d309cbc7cfa5fc9'/>
        <property name='download.checksum.md5' value='84974a4c1ac0a9407d309cbc7cfa5fc9'/>
        <property name='download.checksum.sha-256' value='209691951eae51b2cd84fef04cecc8ea8af3a5266c4fd278774c79e276217bfb'/>
      </properties>
    </artifact>
    <artifact classifier='osgi.bundle' id='org.eclipse.equinox.simpleconfigurator' version='1.3.300.v20190716-0825'>
      <properties size='5'>
        <property name='download.size' value='46192'/>
        <property name='artifact.size' value='46192'/>
        <property name='download.md5' value='33625a367c5d030515790e942a643eef'/>
        <property name='download.checksum.md5' value='33625a367c5d030515790e942a643eef'/>
        <property name='download.checksum.sha-256' value='ff2c7c2048ea6aa71f93a8809dfe13cf1c55297ecceb65212839fb5e8c5448a1'/>
      </properties>
    </artifact>
    <artifact classifier='osgi.bundle' id='org.eclipse.equinox.util' version='1.1.300.v20190714-1852'>
      <properties size='5'>
        <property name='download.size' value='83352'/>
        <property name='artifact.size' value='83352'/>
        <property name='download.md5' value='e6aada5bd545e35b93e95c90e1654d1c'/>
        <property name='download.checksum.md5' value='e6aada5bd545e35b93e95c90e1654d1c'/>
        <property name='download.checksum.sha-256' value='fb7b32cd6a0a68fc36d660e2d83990bec5f130551fc8d97859582a3bda2f707f'/>
      </properties>
    </artifact>
    <artifact classifier='osgi.bundle' id='org.sat4j.core' version='2.3.5.v201308161310'>
      <properties size='5'>
        <property name='download.size' value='362968'/>
        <property name='artifact.size' value='362968'/>
        <property name='download.md5' value='797ce277f3dd2acb14f066fc1da203b9'/>
        <property name='download.checksum.md5' value='797ce277f3dd2acb14f066fc1da203b9'/>
        <property name='download.checksum.sha-256' value='baf6a1e5af6a66fbd4e46e7bdee67ed74c7530adca5d016bc3ee544c4d5f7ddf'/>
      </properties>
    </artifact>
    <artifact classifier='osgi.bundle' id='org.apache.commons.logging' version='1.2.0.v20180409-1502'>
      <properties size='5'>
        <property name='download.size' value='73163'/>
        <property name='artifact.size' value='73163'/>
        <property name='download.md5' value='8e263d3b13a0115210cbc9b02ed5809d'/>
        <property name='download.checksum.md5' value='8e263d3b13a0115210cbc9b02ed5809d'/>
        <property name='download.checksum.sha-256' value='d01b932f01fd623a0d34cc00137edd0f05270b52c4a32cc8e927c911791d9e20'/>
      </properties>
    </artifact>
    <artifact classifier='osgi.bundle' id='org.eclipse.equinox.security' version='1.3.300.v20190714-1851'>
      <properties size='5'>
        <property name='download.size' value='113570'/>
        <property name='artifact.size' value='113570'/>
        <property name='download.md5' value='2db5142ee1bc0cc07cf0b21a174d02c3'/>
        <property name='download.checksum.md5' value='2db5142ee1bc0cc07cf0b21a174d02c3'/>
        <property name='download.checksum.sha-256' value='942dd51e18a2f99a42466db1843bf22cd17e10a4bcb11d0d0d10e1d53fd2924d'/>
      </properties>
    </artifact>
    <artifact classifier='osgi.bundle' id='org.eclipse.equinox.p2.metadata' version='2.4.500.v20190807-0737'>
      <properties size='5'>
        <property name='download.size' value='360507'/>
        <property name='artifact.size' value='360507'/>
        <property name='download.md5' value='a99627c71ffc77fb1e32c255934e7697'/>
        <property name='download.checksum.md5' value='a99627c71ffc77fb1e32c255934e7697'/>
        <property name='download.checksum.sha-256' value='e722b46c56aae61134d859ebdbe58102f997b79ccc5f9b8bcce2d1bcd85f7e2a'/>
      </properties>
    </artifact>
    <artifact classifier='osgi.bundle' id='org.eclipse.ecf.filetransfer' version='5.0.100.v20180301-0132'>
      <properties size='5'>
        <property name='download.size' value='53269'/>
        <property name='artifact.size' value='53269'/>
        <property name='download.md5' value='c4e6be348376b25c2a25dc0c14f7ae32'/>
        <property name='download.checksum.md5' value='c4e6be348376b25c2a25dc0c14f7ae32'/>
        <property name='download.checksum.sha-256' value='8e77cec3b6eb5c637765584b5c8d531293c1a5808e2ca14ee705d94a55d1c419'/>
      </properties>
    </artifact>
    <artifact classifier='osgi.bundle' id='org.eclipse.ecf.provider.filetransfer.ssl' version='1.0.100.v20180301-0132'>
      <properties size='5'>
        <property name='download.size' value='9910'/>
        <property name='artifact.size' value='9910'/>
        <property name='download.md5' value='fcb3462ed8bc776645c2b05c48156b11'/>
        <property name='download.checksum.md5' value='fcb3462ed8bc776645c2b05c48156b11'/>
        <property name='download.checksum.sha-256' value='49c9014207daedcf875ebe5a62b3ff8a16d26dcb136552be9ed47aa2edcae8fc'/>
      </properties>
    </artifact>
    <artifact classifier='osgi.bundle' id='org.apache.httpcomponents.httpcore' version='4.4.10.v20190123-2214'>
      <properties size='5'>
        <property name='download.size' value='356979'/>
        <property name='artifact.size' value='356979'/>
        <property name='download.md5' value='8bbe562d5476a4c111ac585a1a6c2085'/>
        <property name='download.checksum.md5' value='8bbe562d5476a4c111ac585a1a6c2085'/>
        <property name='download.checksum.sha-256' value='bca6a237ed24b722157dae5f6d0c2a46beac35a525647c0d61b4fe4628933892'/>
      </properties>
    </artifact>
    <artifact classifier='osgi.bundle' id='org.eclipse.equinox.p2.director' version='2.4.400.v20190701-1309'>
      <properties size='5'>
        <property name='download.size' value='109357'/>
        <property name='artifact.size' value='109357'/>
        <property name='download.md5' value='5a3fc4dbb2e4e2a61d973ffc19a503f7'/>
        <property name='download.checksum.md5' value='5a3fc4dbb2e4e2a61d973ffc19a503f7'/>
        <property name='download.checksum.sha-256' value='c1eff1ec224fd44c07fe6dfdc9fc7170e1da0c6dcc946fb29d65482e8cb7883a'/>
      </properties>
    </artifact>
    <artifact classifier='osgi.bundle' id='org.eclipse.osgi.compatibility.state' version='1.1.600.v20190814-1451'>
      <properties size='5'>
        <property name='download.size' value='247626'/>
        <property name='artifact.size' value='247626'/>
        <property name='download.md5' value='023b02aa32914ef7ae69a1d1fdbef4a2'/>
        <property name='download.checksum.md5' value='023b02aa32914ef7ae69a1d1fdbef4a2'/>
        <property name='download.checksum.sha-256' value='706bb5521c4af891d65094570bac572dcb0150c5146ddb09c59aee73fd464b8d'/>
      </properties>
    </artifact>
    <artifact classifier='osgi.bundle' id='org.eclipse.equinox.p2.publisher.eclipse' version='1.3.300.v20190716-0939'>
      <properties size='5'>
        <property name='download.size' value='239507'/>
        <property name='artifact.size' value='239507'/>
        <property name='download.md5' value='1878a3b86c4960b91b8f7c16b76d8bef'/>
        <property name='download.checksum.md5' value='1878a3b86c4960b91b8f7c16b76d8bef'/>
        <property name='download.checksum.sha-256' value='4c642cb06fbb7ef7f7f594a6284130f5f4b27b585d3ea8fe07b64604e74ed756'/>
      </properties>
    </artifact>
    <artifact classifier='osgi.bundle' id='org.eclipse.ecf.identity' version='3.9.1.v20181107-1749'>
      <properties size='5'>
        <property name='download.size' value='65113'/>
        <property name='artifact.size' value='65113'/>
        <property name='download.md5' value='3b875c578e74f8edc8f36e704e97b798'/>
        <property name='download.checksum.md5' value='3b875c578e74f8edc8f36e704e97b798'/>
        <property name='download.checksum.sha-256' value='d960a4d70a17c2bfc1679c5af871e9f2d1198b26534a9c01628f05176169a10c'/>
      </properties>
    </artifact>
    <artifact classifier='osgi.bundle' id='org.eclipse.core.contenttype' version='3.7.400.v20190624-1144'>
      <properties size='5'>
        <property name='download.size' value='101215'/>
        <property name='artifact.size' value='101215'/>
        <property name='download.md5' value='4c5d9cec4306cbe3c72da69983256ac6'/>
        <property name='download.checksum.md5' value='4c5d9cec4306cbe3c72da69983256ac6'/>
        <property name='download.checksum.sha-256' value='b33afa7e86cdcbad3ead0608d9c8d17b6f056fba75979d4fa1adb224fd7291e4'/>
      </properties>
    </artifact>
    <artifact classifier='osgi.bundle' id='org.eclipse.equinox.frameworkadmin' version='2.1.300.v20190318-1320'>
      <properties size='5'>
        <property name='download.size' value='36961'/>
        <property name='artifact.size' value='36961'/>
        <property name='download.md5' value='5a33a4988f97ef659068b4cb1487e6e3'/>
        <property name='download.checksum.md5' value='5a33a4988f97ef659068b4cb1487e6e3'/>
        <property name='download.checksum.sha-256' value='3c7cf14c10f063c69a3c0431cf266bb08bf44a8b25f33d26ce3d6fe3b49181a9'/>
      </properties>
    </artifact>
    <artifact classifier='osgi.bundle' id='org.eclipse.equinox.p2.transport.ecf' version='1.2.200.v20190716-0800'>
      <properties size='5'>
        <property name='download.size' value='44379'/>
        <property name='artifact.size' value='44379'/>
        <property name='download.md5' value='c2738b6ee7af67a3b05cc4f1b7abf2dc'/>
        <property name='download.checksum.md5' value='c2738b6ee7af67a3b05cc4f1b7abf2dc'/>
        <property name='download.checksum.sha-256' value='800ad4dde0309aaa7d260c8a6fe40c6c48614d15cfe700ef1be346d0983a988b'/>
      </properties>
    </artifact>
    <artifact classifier='osgi.bundle' id='org.eclipse.ecf' version='3.9.3.v20190423-0625'>
      <properties size='5'>
        <property name='download.size' value='124248'/>
        <property name='artifact.size' value='124248'/>
        <property name='download.md5' value='5265c07a01443d825211d996b28f8084'/>
        <property name='download.checksum.md5' value='5265c07a01443d825211d996b28f8084'/>
        <property name='download.checksum.sha-256' value='baac28cad78fc692b159b54e50d5a6663140d03d59883a34157d77e6bd37789b'/>
      </properties>
    </artifact>
    <artifact classifier='osgi.bundle' id='org.eclipse.osgi.util' version='3.5.300.v20190708-1141'>
      <properties size='5'>
        <property name='download.size' value='73510'/>
        <property name='artifact.size' value='73510'/>
        <property name='download.md5' value='5f0964395e1b85e963571afbbce95e8f'/>
        <property name='download.checksum.md5' value='5f0964395e1b85e963571afbbce95e8f'/>
        <property name='download.checksum.sha-256' value='a32ae49060f4a57cd9d97cece7a7237d3f17b07b525f0f5b96e87b3734ec7d4a'/>
      </properties>
    </artifact>
    <artifact classifier='osgi.bundle' id='org.eclipse.core.runtime' version='3.16.0.v20190823-1314'>
      <properties size='5'>
        <property name='download.size' value='73797'/>
        <property name='artifact.size' value='73797'/>
        <property name='download.md5' value='53d9ab181b0430a2d207307ee15f5e9a'/>
        <property name='download.checksum.md5' value='53d9ab181b0430a2d207307ee15f5e9a'/>
        <property name='download.checksum.sha-256' value='0bfca65daaac2238e7b5bf59db13ef3fb70ef7fd224721f22cdfe2cf30b3b0d0'/>
      </properties>
    </artifact>
    <artifact classifier='osgi.bundle' id='org.eclipse.equinox.p2.repository' version='2.4.500.v20190716-0939'>
      <properties size='5'>
        <property name='download.size' value='142177'/>
        <property name='artifact.size' value='142177'/>
        <property name='download.md5' value='23b1d141ca0147052415559a23a3af69'/>
        <property name='download.checksum.md5' value='23b1d141ca0147052415559a23a3af69'/>
        <property name='download.checksum.sha-256' value='232a3e313816e47ed55a2ae6c88a04963ba3113cf43e56f952206b5d9989c54f'/>
      </properties>
    </artifact>
    <artifact classifier='osgi.bundle' id='org.eclipse.osgi' version='3.15.0.v20190830-1434'>
      <properties size='5'>
        <property name='download.size' value='1460203'/>
        <property name='artifact.size' value='1460203'/>
        <property name='download.md5' value='47a1c053d2d01d4b84055c45917e9357'/>
        <property name='download.checksum.md5' value='47a1c053d2d01d4b84055c45917e9357'/>
        <property name='download.checksum.sha-256' value='7c0b0e933f0b3afa34a83b8b24af67c1ee5f0673d96213008ca3acbb653838fb'/>
      </properties>
    </artifact>
    <artifact classifier='osgi.bundle' id='org.eclipse.equinox.p2.core' version='2.6.100.v20190705-1223'>
      <properties size='5'>
        <property name='download.size' value='76622'/>
        <property name='artifact.size' value='76622'/>
        <property name='download.md5' value='2d598492264a0292b9dc1e3f05880912'/>
        <property name='download.checksum.md5' value='2d598492264a0292b9dc1e3f05880912'/>
        <property name='download.checksum.sha-256' value='065afb2a67e76467932d62132e764fe07ab651aaa71ef0320a2363855139d8ed'/>
      </properties>
    </artifact>
    <artifact classifier='osgi.bundle' id='org.eclipse.equinox.p2.artifact.repository' version='1.3.200.v20190815-1428'>
      <properties size='5'>
        <property name='download.size' value='157149'/>
        <property name='artifact.size' value='157149'/>
        <property name='download.md5' value='4152d1a7a086a8e7c0eae7c0f97d98d9'/>
        <property name='download.checksum.md5' value='4152d1a7a086a8e7c0eae7c0f97d98d9'/>
        <property name='download.checksum.sha-256' value='b382e4b51076d094dbbf36391ae821aa2abfea28c1ca88cef108a97d8ef564d3'/>
      </properties>
    </artifact>
    <artifact classifier='osgi.bundle' id='org.apache.felix.scr' version='2.1.14.v20190123-1619'>
      <properties size='5'>
        <property name='download.size' value='412632'/>
        <property name='artifact.size' value='412632'/>
        <property name='download.md5' value='4e76946cc6cee4393082920582d9aa82'/>
        <property name='download.checksum.md5' value='4e76946cc6cee4393082920582d9aa82'/>
        <property name='download.checksum.sha-256' value='67462ba7201931cd705cc2574ae9aecd3600fef57d48bb7d6313c8a4620a80b2'/>
      </properties>
    </artifact>
    <artifact classifier='osgi.bundle' id='org.eclipse.equinox.ds' version='1.6.0.v20190122-0806'>
      <properties size='5'>
        <property name='download.size' value='29235'/>
        <property name='artifact.size' value='29235'/>
        <property name='download.md5' value='680d15765a91c4d5056be15a17f10a46'/>
        <property name='download.checksum.md5' value='680d15765a91c4d5056be15a17f10a46'/>
        <property name='download.checksum.sha-256' value='50f49e47f65611da2f0a86445e455d8e9e85bd21c26add9fb740361b2256dc8c'/>
      </properties>
    </artifact>
    <artifact classifier='osgi.bundle' id='org.eclipse.equinox.common' version='3.10.500.v20190815-1535'>
      <properties size='5'>
        <property name='download.size' value='122836'/>
        <property name='artifact.size' value='122836'/>
        <property name='download.md5' value='fa55b51705ff64e3e46fcaf29bc40928'/>
        <property name='download.checksum.md5' value='fa55b51705ff64e3e46fcaf29bc40928'/>
        <property name='download.checksum.sha-256' value='a509e7ac3fe41bc61b3bb7e663efa25584f734ce20040048bc1b40635ede0292'/>
      </properties>
    </artifact>
    <artifact classifier='osgi.bundle' id='org.eclipse.osgi.services' version='3.8.0.v20190206-2147'>
      <properties size='5'>
        <property name='download.size' value='128680'/>
        <property name='artifact.size' value='128680'/>
        <property name='download.md5' value='a482790758ee1bbff8f167ef87fd0116'/>
        <property name='download.checksum.md5' value='a482790758ee1bbff8f167ef87fd0116'/>
        <property name='download.checksum.sha-256' value='ce2ecca62cbb6148ca4013c586eaf37aac99c669a96902bead57b30aba0eb49a'/>
      </properties>
    </artifact>
    <artifact classifier='osgi.bundle' id='org.eclipse.equinox.p2.engine' version='2.6.400.v20190716-0825'>
      <properties size='5'>
        <property name='download.size' value='211282'/>
        <property name='artifact.size' value='211282'/>
        <property name='download.md5' value='8a8d0b262464daeb3a839cf90b6ead28'/>
        <property name='download.checksum.md5' value='8a8d0b262464daeb3a839cf90b6ead28'/>
        <property name='download.checksum.sha-256' value='a00e35742802b2e1ff1e9e01c893506a0effd611eae2699375222d703d31234b'/>
      </properties>
    </artifact>
    <artifact classifier='osgi.bundle' id='org.eclipse.equinox.p2.publisher' version='1.5.200.v20190611-1040'>
      <properties size='5'>
        <property name='download.size' value='100242'/>
        <property name='artifact.size' value='100242'/>
        <property name='download.md5' value='027a63f2d7010a4316e376425e737e44'/>
        <property name='download.checksum.md5' value='027a63f2d7010a4316e376425e737e44'/>
        <property name='download.checksum.sha-256' value='8c22789b5fe4ef404dead87a7454ed59ff63ed328ef454611471fb2abe7c9f34'/>
      </properties>
    </artifact>
    <artifact classifier='osgi.bundle' id='org.eclipse.equinox.concurrent' version='1.1.400.v20190621-0852'>
      <properties size='5'>
        <property name='download.size' value='26576'/>
        <property name='artifact.size' value='26576'/>
        <property name='download.md5' value='4d093c4a09727f539b7aedbf45faa91b'/>
        <property name='download.checksum.md5' value='4d093c4a09727f539b7aedbf45faa91b'/>
        <property name='download.checksum.sha-256' value='13844f1ee6a5dbdcfbe52d07bdaf8e8725714f956f299fd964fd859f32c26a2f'/>
      </properties>
    </artifact>
    <artifact classifier='osgi.bundle' id='org.eclipse.equinox.p2.metadata.repository' version='1.3.200.v20190808-0702'>
      <properties size='5'>
        <property name='download.size' value='133264'/>
        <property name='artifact.size' value='133264'/>
        <property name='download.md5' value='b413d3aa32b783555a48c36ceb1b54c1'/>
        <property name='download.checksum.md5' value='b413d3aa32b783555a48c36ceb1b54c1'/>
        <property name='download.checksum.sha-256' value='96c53d9bb41e213ad4e21a2383d485155855ccd5ccea3313e486a353f5e597c9'/>
      </properties>
    </artifact>
    <artifact classifier='osgi.bundle' id='org.eclipse.equinox.p2.director.app' version='1.1.300.v20190716-0825'>
      <properties size='5'>
        <property name='download.size' value='57731'/>
        <property name='artifact.size' value='57731'/>
        <property name='download.md5' value='b20c86e8627c53f34760a3387137d9aa'/>
        <property name='download.checksum.md5' value='b20c86e8627c53f34760a3387137d9aa'/>
        <property name='download.checksum.sha-256' value='8b37a69ca741d47ebf22ad1da912ad36f9b1c5dd3cafb6118f9573b3dfe98157'/>
      </properties>
    </artifact>
    <artifact classifier='osgi.bundle' id='org.eclipse.equinox.p2.repository.tools' version='2.2.300.v20190621-1230'>
      <properties size='5'>
        <property name='download.size' value='253656'/>
        <property name='artifact.size' value='253656'/>
        <property name='download.md5' value='92dc85fc6c8f07b823eaf0ed84fcdc59'/>
        <property name='download.checksum.md5' value='92dc85fc6c8f07b823eaf0ed84fcdc59'/>
        <property name='download.checksum.sha-256' value='6d974f6ba7612fd5da5fda295236ddf6b346453c093b0e37af7165bad419ec9c'/>
      </properties>
    </artifact>
    <artifact classifier='osgi.bundle' id='org.apache.commons.codec' version='1.10.0.v20180409-1845'>
      <properties size='5'>
        <property name='download.size' value='312034'/>
        <property name='artifact.size' value='312034'/>
        <property name='download.md5' value='ac32cde1532b70915b62d0572d87dc53'/>
        <property name='download.checksum.md5' value='ac32cde1532b70915b62d0572d87dc53'/>
        <property name='download.checksum.sha-256' value='cee262c8bc1534558e28bfe55ba33faa774d3cc03c2b6fcfee7d43b74f1e65b3'/>
      </properties>
    </artifact>
    <artifact classifier='osgi.bundle' id='org.eclipse.ecf.ssl' version='1.2.200.v20190502-0212'>
      <properties size='5'>
        <property name='download.size' value='15632'/>
        <property name='artifact.size' value='15632'/>
        <property name='download.md5' value='3bb5fa648eeb4fd66313c2bd10d4580e'/>
        <property name='download.checksum.md5' value='3bb5fa648eeb4fd66313c2bd10d4580e'/>
        <property name='download.checksum.sha-256' value='08d8dd8dbb113879ae5f1e14d2b45f8bfed55057b09f2ca274777169766e359a'/>
      </properties>
    </artifact>
    <artifact classifier='osgi.bundle' id='org.eclipse.equinox.registry' version='3.8.500.v20190714-1850'>
      <properties size='5'>
        <property name='download.size' value='197231'/>
        <property name='artifact.size' value='197231'/>
        <property name='download.md5' value='3af16848069e4a2db9844b238f2cab99'/>
        <property name='download.checksum.md5' value='3af16848069e4a2db9844b238f2cab99'/>
        <property name='download.checksum.sha-256' value='6e8c4dc79130133e11873e455ce5d0f3c0a16450045ccd045fb1b839eeaab9e8'/>
      </properties>
    </artifact>
    <artifact classifier='osgi.bundle' id='org.eclipse.ecf.provider.filetransfer.httpclient45' version='1.0.0.v20190530-1947'>
      <properties size='5'>
        <property name='download.size' value='83100'/>
        <property name='artifact.size' value='83100'/>
        <property name='download.md5' value='207588073d33ffce78fd20290ebfb606'/>
        <property name='download.checksum.md5' value='207588073d33ffce78fd20290ebfb606'/>
        <property name='download.checksum.sha-256' value='1d39ce418a7afa11a17286a2dddcdcef2d5a7aefa2cd719e36fb94ec4fa88600'/>
      </properties>
    </artifact>
    <artifact classifier='osgi.bundle' id='org.apache.httpcomponents.httpclient' version='4.5.6.v20190213-1430'>
      <properties size='5'>
        <property name='download.size' value='1030123'/>
        <property name='artifact.size' value='1030123'/>
        <property name='download.md5' value='07487e198a407349242d06adf0cf78b5'/>
        <property name='download.checksum.md5' value='07487e198a407349242d06adf0cf78b5'/>
        <property name='download.checksum.sha-256' value='b257d4213507a2133a6dee9a343ebb20bef7d0bb281206c3e298aba893f967c8'/>
      </properties>
    </artifact>
    <artifact classifier='osgi.bundle' id='org.eclipse.core.net' version='1.3.600.v20190619-1613'>
      <properties size='5'>
        <property name='download.size' value='74553'/>
        <property name='artifact.size' value='74553'/>
        <property name='download.md5' value='de2ecc56b6e9e78de1936dbf3c9d07a4'/>
        <property name='download.checksum.md5' value='de2ecc56b6e9e78de1936dbf3c9d07a4'/>
        <property name='download.checksum.sha-256' value='d3febb0fcad6130fa521828c392bcbee7c80971457656b7d726ae50739e0b72e'/>
      </properties>
    </artifact>
    <artifact classifier='osgi.bundle' id='org.tukaani.xz' version='1.8.0.v20180207-1613'>
      <properties size='5'>
        <property name='download.size' value='128232'/>
        <property name='artifact.size' value='128232'/>
        <property name='download.md5' value='0cd7ec10b7a4a1e7abea3797e05543d8'/>
        <property name='download.checksum.md5' value='0cd7ec10b7a4a1e7abea3797e05543d8'/>
        <property name='download.checksum.sha-256' value='fa14c8f465b76f01320b6471f52a3803df30a7151d95256032b99af461698147'/>
      </properties>
    </artifact>
    <artifact classifier='osgi.bundle' id='org.eclipse.equinox.app' version='1.4.300.v20190815-1535'>
      <properties size='5'>
        <property name='download.size' value='89371'/>
        <property name='artifact.size' value='89371'/>
        <property name='download.md5' value='17cc72ebe69beeb0dce62f306a455780'/>
        <property name='download.checksum.md5' value='17cc72ebe69beeb0dce62f306a455780'/>
        <property name='download.checksum.sha-256' value='41bedddb78dfc45698c48515a8e716bc18131017e1d71f1141be958f9bec0e2d'/>
      </properties>
    </artifact>
    <artifact classifier='osgi.bundle' id='org.eclipse.equinox.p2.touchpoint.eclipse' version='2.2.400.v20190716-0947'>
      <properties size='5'>
        <property name='download.size' value='131712'/>
        <property name='artifact.size' value='131712'/>
        <property name='download.md5' value='4edf3974af069e9cac06ed93e4467dfb'/>
        <property name='download.checksum.md5' value='4edf3974af069e9cac06ed93e4467dfb'/>
        <property name='download.checksum.sha-256' value='2a2ab251502ebb7c46f652c2b6c604b7b79206189441e2f28211ff0ffadb9905'/>
      </properties>
    </artifact>
    <artifact classifier='osgi.bundle' id='org.eclipse.core.jobs' version='3.10.500.v20190620-1426'>
      <properties size='5'>
        <property name='download.size' value='107270'/>
        <property name='artifact.size' value='107270'/>
        <property name='download.md5' value='04d0601d7dfdaa05941f8f2f5dcfab8d'/>
        <property name='download.checksum.md5' value='04d0601d7dfdaa05941f8f2f5dcfab8d'/>
        <property name='download.checksum.sha-256' value='9caa122295e7a713a4f21613fd11659a2e9f9707bf1b3bcd14a8addbe57b1215'/>
      </properties>
    </artifact>
    <artifact classifier='osgi.bundle' id='org.eclipse.ecf.provider.filetransfer' version='3.2.400.v20180306-0429'>
      <properties size='5'>
        <property name='download.size' value='129361'/>
        <property name='artifact.size' value='129361'/>
        <property name='download.md5' value='07a7557c7d7b3e2756ce3b5b5ecbdfb4'/>
        <property name='download.checksum.md5' value='07a7557c7d7b3e2756ce3b5b5ecbdfb4'/>
        <property name='download.checksum.sha-256' value='751067db98fb5d08b7894e9ade1d03439014265237dc30da84d3c27cbdde9961'/>
      </properties>
    </artifact>
    <artifact classifier='osgi.bundle' id='org.eclipse.equinox.p2.garbagecollector' version='1.1.200.v20190701-1826'>
      <properties size='5'>
        <property name='download.size' value='25708'/>
        <property name='artifact.size' value='25708'/>
        <property name='download.md5' value='fe530461311a48b37104b679ecb2073d'/>
        <property name='download.checksum.md5' value='fe530461311a48b37104b679ecb2073d'/>
        <property name='download.checksum.sha-256' value='e5c502fcd3b8d26eb8ccc82f69bc1c052152c1000ca39cd2491fbba40515007e'/>
      </properties>
    </artifact>
    <artifact classifier='osgi.bundle' id='org.eclipse.equinox.simpleconfigurator.manipulator' version='2.1.300.v20190716-0825'>
      <properties size='5'>
        <property name='download.size' value='26825'/>
        <property name='artifact.size' value='26825'/>
        <property name='download.md5' value='d26135ac8cc9d501d074c3a11682a5f8'/>
        <property name='download.checksum.md5' value='d26135ac8cc9d501d074c3a11682a5f8'/>
        <property name='download.checksum.sha-256' value='715136aaae19982b37ccb01a6abe71e7b3c4a3d1468e803004d6b324803a626f'/>
      </properties>
    </artifact>
    <artifact classifier='osgi.bundle' id='org.eclipse.equinox.p2.jarprocessor' version='1.1.300.v20190621-1230'>
      <properties size='5'>
        <property name='download.size' value='73565'/>
        <property name='artifact.size' value='73565'/>
        <property name='download.md5' value='4ebb45c8fab6dfdce229ff9e4334deae'/>
        <property name='download.checksum.md5' value='4ebb45c8fab6dfdce229ff9e4334deae'/>
        <property name='download.checksum.sha-256' value='d7de2a5405fba3444449120bf59c456f59b2317cf2bedd1ffbaeabbe4b2075e0'/>
      </properties>
    </artifact>
  </artifacts>
</repository>
