<?xml version='1.0' encoding='UTF-8'?>
<?artifactRepository version='1.1.0'?>
<repository name='Repository with p2 Director Bundles' type='org.eclipse.equinox.p2.artifact.repository.simpleRepository' version='1'>
  <properties size='2'>
    <property name='p2.timestamp' value='1567633325088'/>
    <property name='publishPackFilesAsSiblings' value='true'/>
  </properties>
  <mappings size='5'>
    <rule filter='(&amp; (classifier=osgi.bundle) (format=packed))' output='${repoUrl}/plugins/${id}_${version}.jar.pack.gz'/>
    <rule filter='(&amp; (classifier=osgi.bundle))' output='${repoUrl}/plugins/${id}_${version}.jar'/>
    <rule filter='(&amp; (classifier=binary))' output='${repoUrl}/binary/${id}_${version}'/>
    <rule filter='(&amp; (classifier=org.eclipse.update.feature) (format=packed))' output='${repoUrl}/features/${id}_${version}.jar.pack.gz'/>
    <rule filter='(&amp; (classifier=org.eclipse.update.feature))' output='${repoUrl}/features/${id}_${version}.jar'/>
  </mappings>
  <artifacts size='53'>
    <artifact classifier='osgi.bundle' id='org.eclipse.equinox.app' version='1.4.200.v20190516-1504'>
      <properties size='5'>
        <property name='download.size' value='88245'/>
        <property name='artifact.size' value='88245'/>
        <property name='download.md5' value='1f58d399b0ac7b96d1cad0bc5b020bfe'/>
        <property name='download.checksum.md5' value='1f58d399b0ac7b96d1cad0bc5b020bfe'/>
        <property name='download.checksum.sha-256' value='5827772ade50844000ceb6d3deda0f7ca9d1f2abdff7912ce5dbe21a3d28839c'/>
      </properties>
    </artifact>
    <artifact classifier='osgi.bundle' id='org.sat4j.pb' version='2.3.5.v201404071733'>
      <properties size='5'>
        <property name='download.size' value='241956'/>
        <property name='artifact.size' value='241956'/>
        <property name='download.md5' value='76494edaecd18849bb6044f6bda5fc9e'/>
        <property name='download.checksum.md5' value='76494edaecd18849bb6044f6bda5fc9e'/>
        <property name='download.checksum.sha-256' value='28437a7c07a14db84b7a11ca04c32d78cc7bd42f0eb64c287e364c784394bbdc'/>
      </properties>
    </artifact>
    <artifact classifier='osgi.bundle' id='org.eclipse.equinox.p2.garbagecollector' version='1.1.100.v20180822-1302'>
      <properties size='5'>
        <property name='download.size' value='25665'/>
        <property name='artifact.size' value='25665'/>
        <property name='download.md5' value='0d68870611d77cca1b02df638452bce3'/>
        <property name='download.checksum.md5' value='0d68870611d77cca1b02df638452bce3'/>
        <property name='download.checksum.sha-256' value='4205184464ab2b3cf5b7566f0617971f5d79d8182889fea5b5486fb08d091e6a'/>
      </properties>
    </artifact>
    <artifact classifier='osgi.bundle' id='org.eclipse.tycho.noopsecurity' version='1.5.0.201909042141'>
      <properties size='8'>
        <property name='artifact.size' value='5043'/>
        <property name='download.size' value='5043'/>
        <property name='maven-groupId' value='org.eclipse.tycho'/>
        <property name='maven-artifactId' value='org.eclipse.tycho.noopsecurity'/>
        <property name='maven-version' value='1.5.0-SNAPSHOT'/>
        <property name='download.md5' value='48419c6de1788fd432e0dc52e1086ff3'/>
        <property name='download.checksum.md5' value='48419c6de1788fd432e0dc52e1086ff3'/>
        <property name='download.checksum.sha-256' value='41793176d215b04546fd44aebee4a5829c955ba19afbbfe6edb9a084be7b8f76'/>
      </properties>
    </artifact>
    <artifact classifier='osgi.bundle' id='org.eclipse.equinox.frameworkadmin.equinox' version='1.1.100.v20180822-1258'>
      <properties size='5'>
        <property name='download.size' value='67578'/>
        <property name='artifact.size' value='67578'/>
        <property name='download.md5' value='e3bd20d084635389cbac0531625d30d5'/>
        <property name='download.checksum.md5' value='e3bd20d084635389cbac0531625d30d5'/>
        <property name='download.checksum.sha-256' value='27dca426e15b1cec65bbc27d47da88d43cb28c20c4afadb04b878d133961af0b'/>
      </properties>
    </artifact>
    <artifact classifier='osgi.bundle' id='org.eclipse.osgi' version='3.14.0.v20190517-1309'>
      <properties size='5'>
        <property name='download.size' value='1450432'/>
        <property name='artifact.size' value='1450432'/>
        <property name='download.md5' value='2995bd3c68920cd31a30e0d6676cca27'/>
        <property name='download.checksum.md5' value='2995bd3c68920cd31a30e0d6676cca27'/>
        <property name='download.checksum.sha-256' value='5425992272da20e111145ecfa297bc6cf59c0c7e51245a058205f763250fc1e4'/>
      </properties>
    </artifact>
    <artifact classifier='osgi.bundle' id='org.eclipse.equinox.p2.artifact.repository' version='1.3.100.v20190330-1646'>
      <properties size='5'>
        <property name='download.size' value='156759'/>
        <property name='artifact.size' value='156759'/>
        <property name='download.md5' value='acdd508203354391bec934541cc9eb09'/>
        <property name='download.checksum.md5' value='acdd508203354391bec934541cc9eb09'/>
        <property name='download.checksum.sha-256' value='63a74aebe118c10dd636a27601e823b15aa7df00d474b117cc3e466987ae198a'/>
      </properties>
    </artifact>
    <artifact classifier='osgi.bundle' id='org.eclipse.equinox.preferences' version='3.7.400.v20190516-1504'>
      <properties size='5'>
        <property name='download.size' value='133448'/>
        <property name='artifact.size' value='133448'/>
        <property name='download.md5' value='4fc856be2507dbb7d21285715ac64f3a'/>
        <property name='download.checksum.md5' value='4fc856be2507dbb7d21285715ac64f3a'/>
        <property name='download.checksum.sha-256' value='60e143ecb6dace29ef3232bbbf8081032d846fe3643557f3af5cfa7e3dd15333'/>
      </properties>
    </artifact>
    <artifact classifier='osgi.bundle' id='org.eclipse.equinox.concurrent' version='1.1.300.v20190514-1046'>
      <properties size='5'>
        <property name='download.size' value='26584'/>
        <property name='artifact.size' value='26584'/>
        <property name='download.md5' value='2cda8c954629d2df8fb4287a0c9f1763'/>
        <property name='download.checksum.md5' value='2cda8c954629d2df8fb4287a0c9f1763'/>
        <property name='download.checksum.sha-256' value='edb14edc118fbfc49fa02b30679cbb8274910416e8f9e2483aea6be032f8d02c'/>
      </properties>
    </artifact>
    <artifact classifier='osgi.bundle' id='org.sat4j.core' version='2.3.5.v201308161310'>
      <properties size='5'>
        <property name='download.size' value='362968'/>
        <property name='artifact.size' value='362968'/>
        <property name='download.md5' value='797ce277f3dd2acb14f066fc1da203b9'/>
        <property name='download.checksum.md5' value='797ce277f3dd2acb14f066fc1da203b9'/>
        <property name='download.checksum.sha-256' value='baf6a1e5af6a66fbd4e46e7bdee67ed74c7530adca5d016bc3ee544c4d5f7ddf'/>
      </properties>
    </artifact>
    <artifact classifier='osgi.bundle' id='org.apache.commons.logging' version='1.2.0.v20180409-1502'>
      <properties size='5'>
        <property name='download.size' value='73163'/>
        <property name='artifact.size' value='73163'/>
        <property name='download.md5' value='8e263d3b13a0115210cbc9b02ed5809d'/>
        <property name='download.checksum.md5' value='8e263d3b13a0115210cbc9b02ed5809d'/>
        <property name='download.checksum.sha-256' value='d01b932f01fd623a0d34cc00137edd0f05270b52c4a32cc8e927c911791d9e20'/>
      </properties>
    </artifact>
    <artifact classifier='osgi.bundle' id='org.eclipse.equinox.p2.touchpoint.eclipse' version='2.2.300.v20190215-2242'>
      <properties size='5'>
        <property name='download.size' value='131731'/>
        <property name='artifact.size' value='131731'/>
        <property name='download.md5' value='4fc64cc7193069beab2b320e80192714'/>
        <property name='download.checksum.md5' value='4fc64cc7193069beab2b320e80192714'/>
        <property name='download.checksum.sha-256' value='666d570f6611af2094374265632795f681be49e097fe3d2d1e7ae8ccee88a2cf'/>
      </properties>
    </artifact>
    <artifact classifier='osgi.bundle' id='org.eclipse.equinox.p2.metadata' version='2.4.400.v20190409-0548'>
      <properties size='5'>
        <property name='download.size' value='360446'/>
        <property name='artifact.size' value='360446'/>
        <property name='download.md5' value='802d3f01430261f1cac78e80836e30b7'/>
        <property name='download.checksum.md5' value='802d3f01430261f1cac78e80836e30b7'/>
        <property name='download.checksum.sha-256' value='869df0ed1f1eb81e24c1f599d185ba304ed5ce7c0c0a2e19e4ad535aa4f40963'/>
      </properties>
    </artifact>
    <artifact classifier='osgi.bundle' id='org.eclipse.ecf.filetransfer' version='5.0.100.v20180301-0132'>
      <properties size='5'>
        <property name='download.size' value='53277'/>
        <property name='artifact.size' value='53277'/>
        <property name='download.md5' value='e4108f6b1414d2d82a892671acfe9fae'/>
        <property name='download.checksum.md5' value='e4108f6b1414d2d82a892671acfe9fae'/>
        <property name='download.checksum.sha-256' value='c385847cc85f83c88483ef6320d5fa896183c5530263afa7e17ef7f9888b0b75'/>
      </properties>
    </artifact>
    <artifact classifier='osgi.bundle' id='org.eclipse.ecf.provider.filetransfer.ssl' version='1.0.100.v20180301-0132'>
      <properties size='5'>
        <property name='download.size' value='9940'/>
        <property name='artifact.size' value='9940'/>
        <property name='download.md5' value='1bb17f8b05af6cd89000de5b065aca7f'/>
        <property name='download.checksum.md5' value='1bb17f8b05af6cd89000de5b065aca7f'/>
        <property name='download.checksum.sha-256' value='11f96e1c404ab17b7c987c68f862e60165de4f28495c96969daeda2b9b963547'/>
      </properties>
    </artifact>
    <artifact classifier='osgi.bundle' id='org.apache.httpcomponents.httpcore' version='4.4.10.v20190123-2214'>
      <properties size='5'>
        <property name='download.size' value='356979'/>
        <property name='artifact.size' value='356979'/>
        <property name='download.md5' value='8bbe562d5476a4c111ac585a1a6c2085'/>
        <property name='download.checksum.md5' value='8bbe562d5476a4c111ac585a1a6c2085'/>
        <property name='download.checksum.sha-256' value='bca6a237ed24b722157dae5f6d0c2a46beac35a525647c0d61b4fe4628933892'/>
      </properties>
    </artifact>
    <artifact classifier='osgi.bundle' id='org.eclipse.equinox.p2.publisher.eclipse' version='1.3.200.v20190329-1624'>
      <properties size='5'>
        <property name='download.size' value='238067'/>
        <property name='artifact.size' value='238067'/>
        <property name='download.md5' value='159b3484806520781d82acbabddba201'/>
        <property name='download.checksum.md5' value='159b3484806520781d82acbabddba201'/>
        <property name='download.checksum.sha-256' value='72eecfaa5be84d9e0aeabab5504b06840176836d4f453fdb4d4cc254d0ad9d6a'/>
      </properties>
    </artifact>
    <artifact classifier='osgi.bundle' id='org.eclipse.equinox.registry' version='3.8.400.v20190516-1504'>
      <properties size='5'>
        <property name='download.size' value='196431'/>
        <property name='artifact.size' value='196431'/>
        <property name='download.md5' value='892460dfa56a03f293d061a7d4f0bef3'/>
        <property name='download.checksum.md5' value='892460dfa56a03f293d061a7d4f0bef3'/>
        <property name='download.checksum.sha-256' value='ac29f1e99a199add9be4c4c9a9abae74a204813511c0a743ae9055260e9ae2b0'/>
      </properties>
    </artifact>
    <artifact classifier='osgi.bundle' id='org.eclipse.core.jobs' version='3.10.400.v20190506-1457'>
      <properties size='5'>
        <property name='download.size' value='107419'/>
        <property name='artifact.size' value='107419'/>
        <property name='download.md5' value='f2083225df98e99da8cf2982c74a9090'/>
        <property name='download.checksum.md5' value='f2083225df98e99da8cf2982c74a9090'/>
        <property name='download.checksum.sha-256' value='fe7701bb258493e1f9fd3e1c5418d247147f2dcabd59680db2866db27b2427f4'/>
      </properties>
    </artifact>
    <artifact classifier='osgi.bundle' id='org.eclipse.equinox.p2.metadata.repository' version='1.3.100.v20180822-1302'>
      <properties size='5'>
        <property name='download.size' value='133540'/>
        <property name='artifact.size' value='133540'/>
        <property name='download.md5' value='e8352c2b314c9d02b999de7172f89361'/>
        <property name='download.checksum.md5' value='e8352c2b314c9d02b999de7172f89361'/>
        <property name='download.checksum.sha-256' value='759106c0987cdec738d8c5abccb54fb5e5a37fc9c8f6445b7cfcd6e9bd82b355'/>
      </properties>
    </artifact>
    <artifact classifier='osgi.bundle' id='org.eclipse.equinox.p2.director.app' version='1.1.200.v20180822-1302'>
      <properties size='5'>
        <property name='download.size' value='57612'/>
        <property name='artifact.size' value='57612'/>
        <property name='download.md5' value='e0bad9dcbd7d54d83897c81b2b18fb82'/>
        <property name='download.checksum.md5' value='e0bad9dcbd7d54d83897c81b2b18fb82'/>
        <property name='download.checksum.sha-256' value='42c076c9ec18206f86734e2675a76db03e36a6fbbd10bb1d7d7b114aff23a44a'/>
      </properties>
    </artifact>
    <artifact classifier='osgi.bundle' id='org.eclipse.equinox.p2.core' version='2.6.0.v20190215-2242'>
      <properties size='5'>
        <property name='download.size' value='76692'/>
        <property name='artifact.size' value='76692'/>
        <property name='download.md5' value='bf4c2962a93d53c28481039dd66e4587'/>
        <property name='download.checksum.md5' value='bf4c2962a93d53c28481039dd66e4587'/>
        <property name='download.checksum.sha-256' value='b1dff9717a01021445c652afe74dece1b630dff1d46e8a0db614df4a0b88e25e'/>
      </properties>
    </artifact>
    <artifact classifier='osgi.bundle' id='org.eclipse.equinox.p2.transport.ecf' version='1.2.100.v20180822-1354'>
      <properties size='5'>
        <property name='download.size' value='44271'/>
        <property name='artifact.size' value='44271'/>
        <property name='download.md5' value='985ab2f5d52d98bb4df832f734f421ac'/>
        <property name='download.checksum.md5' value='985ab2f5d52d98bb4df832f734f421ac'/>
        <property name='download.checksum.sha-256' value='0201e74a2f55880fa084d3f543fd887484b540e2a74c03c0ae819fb5d4d9f40b'/>
      </properties>
    </artifact>
    <artifact classifier='osgi.bundle' id='org.eclipse.equinox.security' version='1.3.200.v20190516-1504'>
      <properties size='5'>
        <property name='download.size' value='113360'/>
        <property name='artifact.size' value='113360'/>
        <property name='download.md5' value='ced7e49423ae0c38862f6275121fb725'/>
        <property name='download.checksum.md5' value='ced7e49423ae0c38862f6275121fb725'/>
        <property name='download.checksum.sha-256' value='473383fe153613aeef8edca7e8ec92d225788b399348ebdfafbddf5d5318e148'/>
      </properties>
    </artifact>
    <artifact classifier='osgi.bundle' id='org.eclipse.ecf.identity' version='3.9.1.v20181107-1749'>
      <properties size='5'>
        <property name='download.size' value='65113'/>
        <property name='artifact.size' value='65113'/>
        <property name='download.md5' value='3b875c578e74f8edc8f36e704e97b798'/>
        <property name='download.checksum.md5' value='3b875c578e74f8edc8f36e704e97b798'/>
        <property name='download.checksum.sha-256' value='d960a4d70a17c2bfc1679c5af871e9f2d1198b26534a9c01628f05176169a10c'/>
      </properties>
    </artifact>
    <artifact classifier='osgi.bundle' id='org.eclipse.equinox.p2.touchpoint.natives' version='1.3.200.v20180921-1019'>
      <properties size='5'>
        <property name='download.size' value='79269'/>
        <property name='artifact.size' value='79269'/>
        <property name='download.md5' value='88ab5522b570bd909b2944dd68056755'/>
        <property name='download.checksum.md5' value='88ab5522b570bd909b2944dd68056755'/>
        <property name='download.checksum.sha-256' value='3fc7408a804e7d36c1152cf9a4648b2bfdb19288f72106b06f8d401cc7a50bbc'/>
      </properties>
    </artifact>
    <artifact classifier='osgi.bundle' id='org.eclipse.equinox.frameworkadmin' version='2.1.300.v20190318-1320'>
      <properties size='5'>
        <property name='download.size' value='36961'/>
        <property name='artifact.size' value='36961'/>
        <property name='download.md5' value='5a33a4988f97ef659068b4cb1487e6e3'/>
        <property name='download.checksum.md5' value='5a33a4988f97ef659068b4cb1487e6e3'/>
        <property name='download.checksum.sha-256' value='3c7cf14c10f063c69a3c0431cf266bb08bf44a8b25f33d26ce3d6fe3b49181a9'/>
      </properties>
    </artifact>
    <artifact classifier='osgi.bundle' id='org.eclipse.ecf' version='3.9.3.v20190423-0625'>
      <properties size='5'>
        <property name='download.size' value='124248'/>
        <property name='artifact.size' value='124248'/>
        <property name='download.md5' value='5265c07a01443d825211d996b28f8084'/>
        <property name='download.checksum.md5' value='5265c07a01443d825211d996b28f8084'/>
        <property name='download.checksum.sha-256' value='baac28cad78fc692b159b54e50d5a6663140d03d59883a34157d77e6bd37789b'/>
      </properties>
    </artifact>
    <artifact classifier='osgi.bundle' id='org.apache.felix.scr' version='2.1.14.v20190123-1619'>
      <properties size='5'>
        <property name='download.size' value='412632'/>
        <property name='artifact.size' value='412632'/>
        <property name='download.md5' value='4e76946cc6cee4393082920582d9aa82'/>
        <property name='download.checksum.md5' value='4e76946cc6cee4393082920582d9aa82'/>
        <property name='download.checksum.sha-256' value='67462ba7201931cd705cc2574ae9aecd3600fef57d48bb7d6313c8a4620a80b2'/>
      </properties>
    </artifact>
    <artifact classifier='osgi.bundle' id='org.eclipse.equinox.ds' version='1.6.0.v20190122-0806'>
      <properties size='5'>
        <property name='download.size' value='29235'/>
        <property name='artifact.size' value='29235'/>
        <property name='download.md5' value='680d15765a91c4d5056be15a17f10a46'/>
        <property name='download.checksum.md5' value='680d15765a91c4d5056be15a17f10a46'/>
        <property name='download.checksum.sha-256' value='50f49e47f65611da2f0a86445e455d8e9e85bd21c26add9fb740361b2256dc8c'/>
      </properties>
    </artifact>
    <artifact classifier='osgi.bundle' id='org.eclipse.osgi.services' version='3.8.0.v20190206-2147'>
      <properties size='5'>
        <property name='download.size' value='128680'/>
        <property name='artifact.size' value='128680'/>
        <property name='download.md5' value='a482790758ee1bbff8f167ef87fd0116'/>
        <property name='download.checksum.md5' value='a482790758ee1bbff8f167ef87fd0116'/>
        <property name='download.checksum.sha-256' value='ce2ecca62cbb6148ca4013c586eaf37aac99c669a96902bead57b30aba0eb49a'/>
      </properties>
    </artifact>
    <artifact classifier='osgi.bundle' id='org.eclipse.osgi.compatibility.state' version='1.1.500.v20190516-1407'>
      <properties size='5'>
        <property name='download.size' value='244967'/>
        <property name='artifact.size' value='244967'/>
        <property name='download.md5' value='5cb84b0027e15deab2f45de8499c1b6c'/>
        <property name='download.checksum.md5' value='5cb84b0027e15deab2f45de8499c1b6c'/>
        <property name='download.checksum.sha-256' value='4e02ef31618be4ae0547b2bae43dccf3c11b8628463a8202fe88c5082e71883c'/>
      </properties>
    </artifact>
    <artifact classifier='osgi.bundle' id='org.eclipse.equinox.p2.director' version='2.4.300.v20190215-2242'>
      <properties size='5'>
        <property name='download.size' value='109421'/>
        <property name='artifact.size' value='109421'/>
        <property name='download.md5' value='30ccbf6342a1d8e02dfe9947781effc4'/>
        <property name='download.checksum.md5' value='30ccbf6342a1d8e02dfe9947781effc4'/>
        <property name='download.checksum.sha-256' value='2d8876f81f00828ca9c0776c45b7f6151728e340600ee051eb4f31c701320e3b'/>
      </properties>
    </artifact>
    <artifact classifier='osgi.bundle' id='org.eclipse.equinox.p2.jarprocessor' version='1.1.200.v20180921-1009'>
      <properties size='5'>
        <property name='download.size' value='73535'/>
        <property name='artifact.size' value='73535'/>
        <property name='download.md5' value='c0b77b0d91e3e06e49020bd72f30cb22'/>
        <property name='download.checksum.md5' value='c0b77b0d91e3e06e49020bd72f30cb22'/>
        <property name='download.checksum.sha-256' value='18198b76856c2bd7bd7a8378989cf00edb6b9d5603874d466f17bca8fdfad39c'/>
      </properties>
    </artifact>
    <artifact classifier='osgi.bundle' id='org.eclipse.equinox.util' version='1.1.200.v20181008-1820'>
      <properties size='5'>
        <property name='download.size' value='83351'/>
        <property name='artifact.size' value='83351'/>
        <property name='download.md5' value='478e72091601f7c200991c910678e902'/>
        <property name='download.checksum.md5' value='478e72091601f7c200991c910678e902'/>
        <property name='download.checksum.sha-256' value='ac7a46e7d30aca06fddffc5c8804d1678dc55bdc54be49d01a560b70402e8a33'/>
      </properties>
    </artifact>
    <artifact classifier='osgi.bundle' id='org.eclipse.core.runtime' version='3.15.300.v20190508-0543'>
      <properties size='5'>
        <property name='download.size' value='74690'/>
        <property name='artifact.size' value='74690'/>
        <property name='download.md5' value='d12950811cb1c0bb199a9c36615c2665'/>
        <property name='download.checksum.md5' value='d12950811cb1c0bb199a9c36615c2665'/>
        <property name='download.checksum.sha-256' value='5861d03ae541566a623bbdc4c3abd0f7b0d677d21c0d82f0a2ff740f071fc68a'/>
      </properties>
    </artifact>
    <artifact classifier='osgi.bundle' id='org.eclipse.equinox.simpleconfigurator.manipulator' version='2.1.200.v20181123-1405'>
      <properties size='5'>
        <property name='download.size' value='26672'/>
        <property name='artifact.size' value='26672'/>
        <property name='download.md5' value='05dd110265e7f98344234b492bf210d0'/>
        <property name='download.checksum.md5' value='05dd110265e7f98344234b492bf210d0'/>
        <property name='download.checksum.sha-256' value='6b6d7e3c7523513f26d72577e287348a429183c8230414df1b0ae3ac4ff30515'/>
      </properties>
    </artifact>
    <artifact classifier='osgi.bundle' id='org.eclipse.core.net' version='1.3.500.v20190519-2354'>
      <properties size='5'>
        <property name='download.size' value='74298'/>
        <property name='artifact.size' value='74298'/>
        <property name='download.md5' value='695dafa2ea5a48f5cf8eb24c78223217'/>
        <property name='download.checksum.md5' value='695dafa2ea5a48f5cf8eb24c78223217'/>
        <property name='download.checksum.sha-256' value='53cafbd7bb005414c8d4c49f5aa672f14299d65897f04f716dede881a9f8ec87'/>
      </properties>
    </artifact>
    <artifact classifier='osgi.bundle' id='org.eclipse.equinox.common' version='3.10.400.v20190516-1504'>
      <properties size='5'>
        <property name='download.size' value='122390'/>
        <property name='artifact.size' value='122390'/>
        <property name='download.md5' value='1973f0661c1149e8096ac567e0cab34b'/>
        <property name='download.checksum.md5' value='1973f0661c1149e8096ac567e0cab34b'/>
        <property name='download.checksum.sha-256' value='5cab88f12de33c510126e6b89423864d6268415a71e35039b576d5f21589bf5f'/>
      </properties>
    </artifact>
    <artifact classifier='osgi.bundle' id='org.eclipse.equinox.launcher' version='1.5.400.v20190515-0925'>
      <properties size='5'>
        <property name='download.size' value='53053'/>
        <property name='artifact.size' value='53053'/>
        <property name='download.md5' value='8e8ffb50edb819b172ff36e30ccdbfbb'/>
        <property name='download.checksum.md5' value='8e8ffb50edb819b172ff36e30ccdbfbb'/>
        <property name='download.checksum.sha-256' value='40eedbd30c6130ed550772118b5bc021eeede7fde755cbc34ae2fd1142dfccd5'/>
      </properties>
    </artifact>
    <artifact classifier='osgi.bundle' id='org.apache.commons.codec' version='1.10.0.v20180409-1845'>
      <properties size='5'>
        <property name='download.size' value='312034'/>
        <property name='artifact.size' value='312034'/>
        <property name='download.md5' value='ac32cde1532b70915b62d0572d87dc53'/>
        <property name='download.checksum.md5' value='ac32cde1532b70915b62d0572d87dc53'/>
        <property name='download.checksum.sha-256' value='cee262c8bc1534558e28bfe55ba33faa774d3cc03c2b6fcfee7d43b74f1e65b3'/>
      </properties>
    </artifact>
    <artifact classifier='osgi.bundle' id='org.eclipse.equinox.p2.repository.tools' version='2.2.200.v20181102-0649'>
      <properties size='5'>
        <property name='download.size' value='253690'/>
        <property name='artifact.size' value='253690'/>
        <property name='download.md5' value='a7bbbdb32c4657c4baa0e6b19038ee2c'/>
        <property name='download.checksum.md5' value='a7bbbdb32c4657c4baa0e6b19038ee2c'/>
        <property name='download.checksum.sha-256' value='e1052cc5236da3e18c9976d7ed0d1cebfc0da593b4f928f0e77bde103220bedc'/>
      </properties>
    </artifact>
    <artifact classifier='osgi.bundle' id='org.eclipse.ecf.ssl' version='1.2.200.v20190502-0212'>
      <properties size='5'>
        <property name='download.size' value='15632'/>
        <property name='artifact.size' value='15632'/>
        <property name='download.md5' value='3bb5fa648eeb4fd66313c2bd10d4580e'/>
        <property name='download.checksum.md5' value='3bb5fa648eeb4fd66313c2bd10d4580e'/>
        <property name='download.checksum.sha-256' value='08d8dd8dbb113879ae5f1e14d2b45f8bfed55057b09f2ca274777169766e359a'/>
      </properties>
    </artifact>
    <artifact classifier='osgi.bundle' id='org.eclipse.ecf.provider.filetransfer.httpclient45' version='1.0.0.v20190530-1947'>
      <properties size='5'>
        <property name='download.size' value='83100'/>
        <property name='artifact.size' value='83100'/>
        <property name='download.md5' value='207588073d33ffce78fd20290ebfb606'/>
        <property name='download.checksum.md5' value='207588073d33ffce78fd20290ebfb606'/>
        <property name='download.checksum.sha-256' value='1d39ce418a7afa11a17286a2dddcdcef2d5a7aefa2cd719e36fb94ec4fa88600'/>
      </properties>
    </artifact>
    <artifact classifier='osgi.bundle' id='org.apache.httpcomponents.httpclient' version='4.5.6.v20190213-1430'>
      <properties size='5'>
        <property name='download.size' value='1030123'/>
        <property name='artifact.size' value='1030123'/>
        <property name='download.md5' value='07487e198a407349242d06adf0cf78b5'/>
        <property name='download.checksum.md5' value='07487e198a407349242d06adf0cf78b5'/>
        <property name='download.checksum.sha-256' value='b257d4213507a2133a6dee9a343ebb20bef7d0bb281206c3e298aba893f967c8'/>
      </properties>
    </artifact>
    <artifact classifier='osgi.bundle' id='org.eclipse.equinox.p2.repository' version='2.4.400.v20190318-1320'>
      <properties size='5'>
        <property name='download.size' value='141298'/>
        <property name='artifact.size' value='141298'/>
        <property name='download.md5' value='cc24632f9ac146a6112d3cdac3f0e0da'/>
        <property name='download.checksum.md5' value='cc24632f9ac146a6112d3cdac3f0e0da'/>
        <property name='download.checksum.sha-256' value='d3d5dc839fbfe7f02ad39546130585d1741e6b77cc3b2b8a1cb2bc98fa8581a9'/>
      </properties>
    </artifact>
    <artifact classifier='osgi.bundle' id='org.eclipse.core.contenttype' version='3.7.300.v20190215-2048'>
      <properties size='5'>
        <property name='download.size' value='105591'/>
        <property name='artifact.size' value='105591'/>
        <property name='download.md5' value='805cdf5f3ff5d4aff19078c308471a84'/>
        <property name='download.checksum.md5' value='805cdf5f3ff5d4aff19078c308471a84'/>
        <property name='download.checksum.sha-256' value='79731eeebc8e172e8437cb2a25cc95d217930fc3f7242caa414e18b845786fac'/>
      </properties>
    </artifact>
    <artifact classifier='osgi.bundle' id='org.tukaani.xz' version='1.8.0.v20180207-1613'>
      <properties size='5'>
        <property name='download.size' value='128217'/>
        <property name='artifact.size' value='128217'/>
        <property name='download.md5' value='cdbc6c373260d18c753098881deab30f'/>
        <property name='download.checksum.md5' value='cdbc6c373260d18c753098881deab30f'/>
        <property name='download.checksum.sha-256' value='3679138558efc3e75efcf14729fbea512787a35f89b8dcecd2553cecb53d78b1'/>
      </properties>
    </artifact>
    <artifact classifier='osgi.bundle' id='org.eclipse.equinox.p2.publisher' version='1.5.100.v20180822-1302'>
      <properties size='5'>
        <property name='download.size' value='99848'/>
        <property name='artifact.size' value='99848'/>
        <property name='download.md5' value='390f656f27fe740e7328b4519e2df441'/>
        <property name='download.checksum.md5' value='390f656f27fe740e7328b4519e2df441'/>
        <property name='download.checksum.sha-256' value='102d94999763bdd4ae5c4ffc3e2dd57bbe680b470ba4434ea2d6acd093e93236'/>
      </properties>
    </artifact>
    <artifact classifier='osgi.bundle' id='org.eclipse.osgi.util' version='3.5.200.v20190115-2323'>
      <properties size='5'>
        <property name='download.size' value='73514'/>
        <property name='artifact.size' value='73514'/>
        <property name='download.md5' value='dbd471e897e7acf0a26764437a3101dd'/>
        <property name='download.checksum.md5' value='dbd471e897e7acf0a26764437a3101dd'/>
        <property name='download.checksum.sha-256' value='3ceb317087daf9fb1e75ffac9b4758a43c9cc6e91354a445d29a555cbd71a190'/>
      </properties>
    </artifact>
    <artifact classifier='osgi.bundle' id='org.eclipse.equinox.p2.engine' version='2.6.300.v20190318-1320'>
      <properties size='5'>
        <property name='download.size' value='215007'/>
        <property name='artifact.size' value='215007'/>
        <property name='download.md5' value='32dfd415f0ecfee6bbcc50a4b61f6ca7'/>
        <property name='download.checksum.md5' value='32dfd415f0ecfee6bbcc50a4b61f6ca7'/>
        <property name='download.checksum.sha-256' value='46457970d87db6d09636bccf5d0d895063bb7965fa5aee96861d186a190e89ce'/>
      </properties>
    </artifact>
    <artifact classifier='osgi.bundle' id='org.eclipse.ecf.provider.filetransfer' version='3.2.400.v20180306-0429'>
      <properties size='5'>
        <property name='download.size' value='129434'/>
        <property name='artifact.size' value='129434'/>
        <property name='download.md5' value='7f24961162fe908be20fbd4cd6b7e204'/>
        <property name='download.checksum.md5' value='7f24961162fe908be20fbd4cd6b7e204'/>
        <property name='download.checksum.sha-256' value='8cb05a16613fe5cf56c895722d49f05d28efce1ceac7c18cc9c362d123390d99'/>
      </properties>
    </artifact>
    <artifact classifier='osgi.bundle' id='org.eclipse.equinox.simpleconfigurator' version='1.3.200.v20181101-1115'>
      <properties size='5'>
        <property name='download.size' value='46189'/>
        <property name='artifact.size' value='46189'/>
        <property name='download.md5' value='5b48966298e1db2439916910a0bf16f6'/>
        <property name='download.checksum.md5' value='5b48966298e1db2439916910a0bf16f6'/>
        <property name='download.checksum.sha-256' value='40941ed9758cd1b76729f9b343b279229417d1fa035eb73a20e267fe58b6e887'/>
      </properties>
    </artifact>
  </artifacts>
</repository>
