<?xml version='1.0' encoding='UTF-8'?>
<?artifactRepository version='1.1.0'?>
<repository name='Repository with p2 Director Bundles' type='org.eclipse.equinox.p2.artifact.repository.simpleRepository' version='1'>
  <properties size='2'>
    <property name='p2.timestamp' value='1544192215697'/>
    <property name='publishPackFilesAsSiblings' value='true'/>
  </properties>
  <mappings size='5'>
    <rule filter='(&amp; (classifier=osgi.bundle) (format=packed))' output='${repoUrl}/plugins/${id}_${version}.jar.pack.gz'/>
    <rule filter='(&amp; (classifier=osgi.bundle))' output='${repoUrl}/plugins/${id}_${version}.jar'/>
    <rule filter='(&amp; (classifier=binary))' output='${repoUrl}/binary/${id}_${version}'/>
    <rule filter='(&amp; (classifier=org.eclipse.update.feature) (format=packed))' output='${repoUrl}/features/${id}_${version}.jar.pack.gz'/>
    <rule filter='(&amp; (classifier=org.eclipse.update.feature))' output='${repoUrl}/features/${id}_${version}.jar'/>
  </mappings>
  <artifacts size='54'>
    <artifact classifier='osgi.bundle' id='org.eclipse.equinox.common' version='3.10.0.v20180412-1130'>
      <properties size='5'>
        <property name='download.size' value='122021'/>
        <property name='artifact.size' value='122021'/>
        <property name='download.md5' value='128439573f2f32fe30e6e88519340c08'/>
        <property name='download.checksum.md5' value='128439573f2f32fe30e6e88519340c08'/>
        <property name='download.checksum.sha-256' value='cc0d50b0e557f7edc5cd2ebb974f33e31c490000a5ce8b971e4e8f75e38e37d4'/>
      </properties>
    </artifact>
    <artifact classifier='osgi.bundle' id='org.eclipse.equinox.launcher' version='1.5.0.v20180512-1130'>
      <properties size='5'>
        <property name='download.size' value='54553'/>
        <property name='artifact.size' value='54553'/>
        <property name='download.md5' value='8a87b5373d63b114a164d5db3a96e211'/>
        <property name='download.checksum.md5' value='8a87b5373d63b114a164d5db3a96e211'/>
        <property name='download.checksum.sha-256' value='cc9abc9af625b18b121a3958d80e0b13ea8d4c570316a51f9f34111a48170bc9'/>
      </properties>
    </artifact>
    <artifact classifier='osgi.bundle' id='org.sat4j.pb' version='2.3.5.v201404071733'>
      <properties size='5'>
        <property name='download.size' value='241956'/>
        <property name='artifact.size' value='241956'/>
        <property name='download.md5' value='76494edaecd18849bb6044f6bda5fc9e'/>
        <property name='download.checksum.md5' value='76494edaecd18849bb6044f6bda5fc9e'/>
        <property name='download.checksum.sha-256' value='28437a7c07a14db84b7a11ca04c32d78cc7bd42f0eb64c287e364c784394bbdc'/>
      </properties>
    </artifact>
    <artifact classifier='osgi.bundle' id='org.eclipse.equinox.app' version='1.3.500.v20171221-2204'>
      <properties size='5'>
        <property name='download.size' value='87721'/>
        <property name='artifact.size' value='87721'/>
        <property name='download.md5' value='7dbd2734ffdd369a11a9582f019bb218'/>
        <property name='download.checksum.md5' value='7dbd2734ffdd369a11a9582f019bb218'/>
        <property name='download.checksum.sha-256' value='f3bfc68ab5964ec5a2027a0cc3883119c807ec90189d20fc2f4c68015f7b815f'/>
      </properties>
    </artifact>
    <artifact classifier='osgi.bundle' id='org.eclipse.equinox.frameworkadmin' version='2.1.0.v20180131-0638'>
      <properties size='5'>
        <property name='download.size' value='36921'/>
        <property name='artifact.size' value='36921'/>
        <property name='download.md5' value='452fd779ab8f960c828a5502d6cdfed7'/>
        <property name='download.checksum.md5' value='452fd779ab8f960c828a5502d6cdfed7'/>
        <property name='download.checksum.sha-256' value='6d94bcc42c844e2e2ea8d808c3c9e0667567b15b19516ff0160d4713d49a387b'/>
      </properties>
    </artifact>
    <artifact classifier='osgi.bundle' id='org.eclipse.equinox.security' version='1.2.400.v20171221-2204'>
      <properties size='5'>
        <property name='download.size' value='109814'/>
        <property name='artifact.size' value='109814'/>
        <property name='download.md5' value='fe534a9dd482bb3ac89d6aec3243874f'/>
        <property name='download.checksum.md5' value='fe534a9dd482bb3ac89d6aec3243874f'/>
        <property name='download.checksum.sha-256' value='67c4b0f65d09a58c0a2d6e392ccbb4837f6c405ac2ba7bdd8b1b5c9df52ed84f'/>
      </properties>
    </artifact>
    <artifact classifier='osgi.bundle' id='org.eclipse.equinox.p2.publisher' version='1.5.0.v20180320-1332'>
      <properties size='5'>
        <property name='download.size' value='99785'/>
        <property name='artifact.size' value='99785'/>
        <property name='download.md5' value='57b8295f3d77e9bbdc5bcab9b422240d'/>
        <property name='download.checksum.md5' value='57b8295f3d77e9bbdc5bcab9b422240d'/>
        <property name='download.checksum.sha-256' value='f7dad3a28033259d51683c1852fb1ee89f84a2a15af95c72d81cc584ed09299a'/>
      </properties>
    </artifact>
    <artifact classifier='osgi.bundle' id='org.apache.commons.logging' version='1.1.1.v201101211721'>
      <properties size='5'>
        <property name='download.size' value='73633'/>
        <property name='artifact.size' value='73633'/>
        <property name='download.md5' value='e1d5f3260cc59b73227929ba4e775e84'/>
        <property name='download.checksum.md5' value='e1d5f3260cc59b73227929ba4e775e84'/>
        <property name='download.checksum.sha-256' value='b6d909e4b897d78fdd62635ae828dfd811110be475cffd70d3739c532509c364'/>
      </properties>
    </artifact>
    <artifact classifier='osgi.bundle' id='org.eclipse.equinox.p2.engine' version='2.6.0.v20180409-1209'>
      <properties size='5'>
        <property name='download.size' value='215081'/>
        <property name='artifact.size' value='215081'/>
        <property name='download.md5' value='641fac37613b7829aae5fade7ccd1fca'/>
        <property name='download.checksum.md5' value='641fac37613b7829aae5fade7ccd1fca'/>
        <property name='download.checksum.sha-256' value='88d6f89a1d4e5e3928f7e2338b17f4ca5df84380a51644472d94a0b029eb4835'/>
      </properties>
    </artifact>
    <artifact classifier='osgi.bundle' id='org.apache.felix.scr' version='2.0.14.v20180117-1452'>
      <properties size='5'>
        <property name='download.size' value='371014'/>
        <property name='artifact.size' value='371014'/>
        <property name='download.md5' value='cf33d5a81381a8c751c7254ff508094d'/>
        <property name='download.checksum.md5' value='cf33d5a81381a8c751c7254ff508094d'/>
        <property name='download.checksum.sha-256' value='a9af3d1b8240c9b9266332ad1062bb0aa5025293a94f4a22c91d0a5cb3a652f5'/>
      </properties>
    </artifact>
    <artifact classifier='osgi.bundle' id='org.eclipse.equinox.concurrent' version='1.1.100.v20171221-2204'>
      <properties size='5'>
        <property name='download.size' value='26532'/>
        <property name='artifact.size' value='26532'/>
        <property name='download.md5' value='965741c21b31bc6c97547405b90f021a'/>
        <property name='download.checksum.md5' value='965741c21b31bc6c97547405b90f021a'/>
        <property name='download.checksum.sha-256' value='7c81d5f504f3a405ef08603a66eecb4fbba11b8b99b8ab3d9da5c6a71867088f'/>
      </properties>
    </artifact>
    <artifact classifier='osgi.bundle' id='org.sat4j.core' version='2.3.5.v201308161310'>
      <properties size='5'>
        <property name='download.size' value='362968'/>
        <property name='artifact.size' value='362968'/>
        <property name='download.md5' value='797ce277f3dd2acb14f066fc1da203b9'/>
        <property name='download.checksum.md5' value='797ce277f3dd2acb14f066fc1da203b9'/>
        <property name='download.checksum.sha-256' value='baf6a1e5af6a66fbd4e46e7bdee67ed74c7530adca5d016bc3ee544c4d5f7ddf'/>
      </properties>
    </artifact>
    <artifact classifier='osgi.bundle' id='org.eclipse.osgi.compatibility.state' version='1.1.100.v20180331-1743'>
      <properties size='5'>
        <property name='download.size' value='244686'/>
        <property name='artifact.size' value='244686'/>
        <property name='download.md5' value='34f1826f22b7c621b5237bc6219a58cb'/>
        <property name='download.checksum.md5' value='34f1826f22b7c621b5237bc6219a58cb'/>
        <property name='download.checksum.sha-256' value='162bd97b5cf55a717df33921eab714655a2bee0072f9f07448f04f94c331de4e'/>
      </properties>
    </artifact>
    <artifact classifier='osgi.bundle' id='org.eclipse.ecf.filetransfer' version='5.0.100.v20180301-0132'>
      <properties size='5'>
        <property name='download.size' value='53282'/>
        <property name='artifact.size' value='53282'/>
        <property name='download.md5' value='2468e9419412e458887928be28158359'/>
        <property name='download.checksum.md5' value='2468e9419412e458887928be28158359'/>
        <property name='download.checksum.sha-256' value='a222cb5e30e872e731134415573b9ab2a43d5c351c87d4b458bed4d57a35994c'/>
      </properties>
    </artifact>
    <artifact classifier='osgi.bundle' id='org.eclipse.ecf.provider.filetransfer.ssl' version='1.0.100.v20180301-0132'>
      <properties size='5'>
        <property name='download.size' value='9927'/>
        <property name='artifact.size' value='9927'/>
        <property name='download.md5' value='1d8f7d3ad85a027690f859ff7d96f40f'/>
        <property name='download.checksum.md5' value='1d8f7d3ad85a027690f859ff7d96f40f'/>
        <property name='download.checksum.sha-256' value='d0527b41ab637e4340f05bf156ccc8545149aec98886ea890d219eb44405ede9'/>
      </properties>
    </artifact>
    <artifact classifier='osgi.bundle' id='org.eclipse.equinox.p2.garbagecollector' version='1.1.0.v20180103-0918'>
      <properties size='5'>
        <property name='download.size' value='25589'/>
        <property name='artifact.size' value='25589'/>
        <property name='download.md5' value='c575b05508de3c6f1c82b04da7ad4856'/>
        <property name='download.checksum.md5' value='c575b05508de3c6f1c82b04da7ad4856'/>
        <property name='download.checksum.sha-256' value='c2c8c935f6c3c5e25f8ee0ffc9a94720f97c41171a83e61e5e5a7c83822c97dd'/>
      </properties>
    </artifact>
    <artifact classifier='osgi.bundle' id='org.eclipse.ecf' version='3.9.0.v20180402-2015'>
      <properties size='5'>
        <property name='download.size' value='124101'/>
        <property name='artifact.size' value='124101'/>
        <property name='download.md5' value='f754b50fc49e1d02a780d556d73c61c3'/>
        <property name='download.checksum.md5' value='f754b50fc49e1d02a780d556d73c61c3'/>
        <property name='download.checksum.sha-256' value='eb2ddc7b85fd53b783d94159eea40a2067c2fd40d016e18572836d0f2e15e106'/>
      </properties>
    </artifact>
    <artifact classifier='osgi.bundle' id='org.eclipse.equinox.p2.touchpoint.natives' version='1.3.0.v20180512-1128'>
      <properties size='5'>
        <property name='download.size' value='78929'/>
        <property name='artifact.size' value='78929'/>
        <property name='download.md5' value='3e93d95d3c51979f1531db3e25ce8449'/>
        <property name='download.checksum.md5' value='3e93d95d3c51979f1531db3e25ce8449'/>
        <property name='download.checksum.sha-256' value='9f1a6f1779e7b7db9c9b26f0f0fb05a16aaf90d120721b6e6e2b9210621b844d'/>
      </properties>
    </artifact>
    <artifact classifier='osgi.bundle' id='org.eclipse.equinox.registry' version='3.8.0.v20180426-1327'>
      <properties size='5'>
        <property name='download.size' value='196218'/>
        <property name='artifact.size' value='196218'/>
        <property name='download.md5' value='67b5f4a0b98df278c829a24bd39d0f4b'/>
        <property name='download.checksum.md5' value='67b5f4a0b98df278c829a24bd39d0f4b'/>
        <property name='download.checksum.sha-256' value='cf7b672354a39a4befb3296bba1d5a6076b691764a078c208cdf19228d5f89b6'/>
      </properties>
    </artifact>
    <artifact classifier='osgi.bundle' id='org.eclipse.osgi.services' version='3.7.0.v20180223-1712'>
      <properties size='5'>
        <property name='download.size' value='125904'/>
        <property name='artifact.size' value='125904'/>
        <property name='download.md5' value='ae9dc223ec9fe198437f83d4f4442166'/>
        <property name='download.checksum.md5' value='ae9dc223ec9fe198437f83d4f4442166'/>
        <property name='download.checksum.sha-256' value='331dedff80f36120c6c407a1668c8a0477fadca37527f8ca3d8abe7106e398c4'/>
      </properties>
    </artifact>
    <artifact classifier='osgi.bundle' id='org.eclipse.equinox.p2.artifact.repository' version='1.2.0.v20180413-0846'>
      <properties size='5'>
        <property name='download.size' value='155757'/>
        <property name='artifact.size' value='155757'/>
        <property name='download.md5' value='16223fb11764ed3225561303b55173f6'/>
        <property name='download.checksum.md5' value='16223fb11764ed3225561303b55173f6'/>
        <property name='download.checksum.sha-256' value='e87479f2b0c69de8f27b6eb9ed8068a017d9b99292c8c3b8bc4eb8e9a83da946'/>
      </properties>
    </artifact>
    <artifact classifier='osgi.bundle' id='org.eclipse.equinox.simpleconfigurator.manipulator' version='2.1.0.v20180103-0918'>
      <properties size='5'>
        <property name='download.size' value='26541'/>
        <property name='artifact.size' value='26541'/>
        <property name='download.md5' value='a2a300ae036bc829308fd6f37e7fa294'/>
        <property name='download.checksum.md5' value='a2a300ae036bc829308fd6f37e7fa294'/>
        <property name='download.checksum.sha-256' value='cd64b1ba89449d40cee0fc074a99d6f1c8e89c0b8ad2c0ff53cbfcb71a7cf254'/>
      </properties>
    </artifact>
    <artifact classifier='osgi.bundle' id='org.apache.httpcomponents.httpcore' version='4.4.6.v20170210-0925'>
      <properties size='5'>
        <property name='download.size' value='354656'/>
        <property name='artifact.size' value='354656'/>
        <property name='download.md5' value='9481748276ecbff2504a7941988e604a'/>
        <property name='download.checksum.md5' value='9481748276ecbff2504a7941988e604a'/>
        <property name='download.checksum.sha-256' value='393bbac6febf6a83e489ffa5e33063e11614f182498b126ce8271149b9e036c2'/>
      </properties>
    </artifact>
    <artifact classifier='osgi.bundle' id='org.eclipse.equinox.p2.metadata' version='2.4.0.v20180320-1220'>
      <properties size='5'>
        <property name='download.size' value='360677'/>
        <property name='artifact.size' value='360677'/>
        <property name='download.md5' value='d6cddee6805dd523e8fc4b34999d1cd9'/>
        <property name='download.checksum.md5' value='d6cddee6805dd523e8fc4b34999d1cd9'/>
        <property name='download.checksum.sha-256' value='8f86250758acd2ef40875ea7ec1b59078284452239bfb37fa97b8ef517e8ea88'/>
      </properties>
    </artifact>
    <artifact classifier='osgi.bundle' id='org.eclipse.equinox.p2.metadata.repository' version='1.3.0.v20180302-1057'>
      <properties size='5'>
        <property name='download.size' value='133506'/>
        <property name='artifact.size' value='133506'/>
        <property name='download.md5' value='c3d3db3dea8a4579b8f5f4e98ec67eb7'/>
        <property name='download.checksum.md5' value='c3d3db3dea8a4579b8f5f4e98ec67eb7'/>
        <property name='download.checksum.sha-256' value='9094b7eb23722f41075a19e70065afbf21b0e84a80d2e989b7478bf94ee87b73'/>
      </properties>
    </artifact>
    <artifact classifier='osgi.bundle' id='org.apache.httpcomponents.httpclient' version='4.5.2.v20170210-0925'>
      <properties size='5'>
        <property name='download.size' value='1006005'/>
        <property name='artifact.size' value='1006005'/>
        <property name='download.md5' value='9c014bb195bedab499967f31e990dd03'/>
        <property name='download.checksum.md5' value='9c014bb195bedab499967f31e990dd03'/>
        <property name='download.checksum.sha-256' value='2bf3527947a74dff6859ddcde6c29b33405d3c811106676892fd88d5c1552467'/>
      </properties>
    </artifact>
    <artifact classifier='osgi.bundle' id='org.eclipse.equinox.p2.touchpoint.eclipse' version='2.2.0.v20180302-1057'>
      <properties size='5'>
        <property name='download.size' value='131566'/>
        <property name='artifact.size' value='131566'/>
        <property name='download.md5' value='91f998762667079a36e28e881c1b1fc1'/>
        <property name='download.checksum.md5' value='91f998762667079a36e28e881c1b1fc1'/>
        <property name='download.checksum.sha-256' value='9359feac4cea1bc189f9bb5a69cb0d244cf49cb5e9d5f0af5abf6bb3ea7a4dd3'/>
      </properties>
    </artifact>
    <artifact classifier='osgi.bundle' id='org.eclipse.ecf.provider.filetransfer.httpclient4.ssl' version='1.1.100.v20180301-0132'>
      <properties size='5'>
        <property name='download.size' value='14229'/>
        <property name='artifact.size' value='14229'/>
        <property name='download.md5' value='fd7c5ee8c41bf669b9414d57fca21e39'/>
        <property name='download.checksum.md5' value='fd7c5ee8c41bf669b9414d57fca21e39'/>
        <property name='download.checksum.sha-256' value='e0dc0c340418dd7658bf99142239f79ea8e6c0f34f1a1a887cef56380f680ee4'/>
      </properties>
    </artifact>
    <artifact classifier='osgi.bundle' id='org.eclipse.ecf.ssl' version='1.2.100.v20180301-0132'>
      <properties size='5'>
        <property name='download.size' value='14829'/>
        <property name='artifact.size' value='14829'/>
        <property name='download.md5' value='72b7b1546c19fb5fe4844457f535fbfa'/>
        <property name='download.checksum.md5' value='72b7b1546c19fb5fe4844457f535fbfa'/>
        <property name='download.checksum.sha-256' value='aa06671dcc55f5941759bae576badf12cb060fff8557812b7ee9d921fdbb4962'/>
      </properties>
    </artifact>
    <artifact classifier='osgi.bundle' id='org.eclipse.equinox.ds' version='1.5.100.v20171221-2204'>
      <properties size='5'>
        <property name='download.size' value='29150'/>
        <property name='artifact.size' value='29150'/>
        <property name='download.md5' value='f102d48b2e72d9c876f5b764753ee4e2'/>
        <property name='download.checksum.md5' value='f102d48b2e72d9c876f5b764753ee4e2'/>
        <property name='download.checksum.sha-256' value='496cd9a2162d8826bbfcc23ddc05177760a1b97d40590fae47c6174ad3c23560'/>
      </properties>
    </artifact>
    <artifact classifier='osgi.bundle' id='org.eclipse.core.runtime' version='3.14.0.v20180417-0825'>
      <properties size='5'>
        <property name='download.size' value='74597'/>
        <property name='artifact.size' value='74597'/>
        <property name='download.md5' value='5f24c3c4278621973d86bd279c61bfbe'/>
        <property name='download.checksum.md5' value='5f24c3c4278621973d86bd279c61bfbe'/>
        <property name='download.checksum.sha-256' value='56bb161e2b8fb6a5fe500e826bdc0f533bba51c0a738f312645a06884c3782d5'/>
      </properties>
    </artifact>
    <artifact classifier='osgi.bundle' id='org.eclipse.equinox.p2.core' version='2.5.0.v20180512-1128'>
      <properties size='5'>
        <property name='download.size' value='75637'/>
        <property name='artifact.size' value='75637'/>
        <property name='download.md5' value='574686cbbf3800b63427087242403593'/>
        <property name='download.checksum.md5' value='574686cbbf3800b63427087242403593'/>
        <property name='download.checksum.sha-256' value='551d6583b7f7c2b9bfd3b90f6b76e195cfc0cd834d1c2346d23030d171e67e57'/>
      </properties>
    </artifact>
    <artifact classifier='osgi.bundle' id='org.eclipse.equinox.util' version='1.1.0.v20180419-0833'>
      <properties size='5'>
        <property name='download.size' value='83282'/>
        <property name='artifact.size' value='83282'/>
        <property name='download.md5' value='731d990a2a362733d910eab2e5c04911'/>
        <property name='download.checksum.md5' value='731d990a2a362733d910eab2e5c04911'/>
        <property name='download.checksum.sha-256' value='51f46a52275593b0b0545d4ae4db18c76558ede2333503e5f31622c4201b5fff'/>
      </properties>
    </artifact>
    <artifact classifier='osgi.bundle' id='org.eclipse.core.net' version='1.3.200.v20180515-0858'>
      <properties size='5'>
        <property name='download.size' value='74311'/>
        <property name='artifact.size' value='74311'/>
        <property name='download.md5' value='d58e5e29b505aa9226f0b9f7bd0484d7'/>
        <property name='download.checksum.md5' value='d58e5e29b505aa9226f0b9f7bd0484d7'/>
        <property name='download.checksum.sha-256' value='4ccfb98ff5fc60e610e09ddc17529d94bca504625184afc8e6d1bca9631681f0'/>
      </properties>
    </artifact>
    <artifact classifier='osgi.bundle' id='org.eclipse.equinox.preferences' version='3.7.100.v20180510-1129'>
      <properties size='5'>
        <property name='download.size' value='133497'/>
        <property name='artifact.size' value='133497'/>
        <property name='download.md5' value='590f2b2b41a30d58cb31290a902a041b'/>
        <property name='download.checksum.md5' value='590f2b2b41a30d58cb31290a902a041b'/>
        <property name='download.checksum.sha-256' value='594100922d42c14dd0a7b1b11454ef6c5306e7114c79eeb37b19b4ee6d169ea4'/>
      </properties>
    </artifact>
    <artifact classifier='osgi.bundle' id='org.eclipse.core.jobs' version='3.10.0.v20180427-1454'>
      <properties size='5'>
        <property name='download.size' value='107636'/>
        <property name='artifact.size' value='107636'/>
        <property name='download.md5' value='e3c249b7d4fe3d1ebe503c39827472aa'/>
        <property name='download.checksum.md5' value='e3c249b7d4fe3d1ebe503c39827472aa'/>
        <property name='download.checksum.sha-256' value='d303a3a6f7d25dafe579db3ed3923a521e6d1bde4d2fbb5c2cd4c4c30235f297'/>
      </properties>
    </artifact>
    <artifact classifier='osgi.bundle' id='org.eclipse.ecf.provider.filetransfer.httpclient4' version='1.1.300.v20180301-0132'>
      <properties size='5'>
        <property name='download.size' value='75555'/>
        <property name='artifact.size' value='75555'/>
        <property name='download.md5' value='2373ab4d193d1ee68e880b031c02e6f9'/>
        <property name='download.checksum.md5' value='2373ab4d193d1ee68e880b031c02e6f9'/>
        <property name='download.checksum.sha-256' value='0724ff8216fb2aedcbba479a41b9957258f5d0a94af83010d85e3d6daa119ca6'/>
      </properties>
    </artifact>
    <artifact classifier='osgi.bundle' id='org.eclipse.equinox.p2.repository' version='2.4.0.v20180512-1128'>
      <properties size='5'>
        <property name='download.size' value='141774'/>
        <property name='artifact.size' value='141774'/>
        <property name='download.md5' value='d842d978e86fcc9cad37b93c7998daf5'/>
        <property name='download.checksum.md5' value='d842d978e86fcc9cad37b93c7998daf5'/>
        <property name='download.checksum.sha-256' value='bd0faad19b83da780b23959dd4abc915cf75f9da2e5f66fcf8b90399de00e9a8'/>
      </properties>
    </artifact>
    <artifact classifier='osgi.bundle' id='org.eclipse.equinox.frameworkadmin.equinox' version='1.1.0.v20180512-1128'>
      <properties size='5'>
        <property name='download.size' value='67544'/>
        <property name='artifact.size' value='67544'/>
        <property name='download.md5' value='f59d607fb10cf88153117be12c1f2306'/>
        <property name='download.checksum.md5' value='f59d607fb10cf88153117be12c1f2306'/>
        <property name='download.checksum.sha-256' value='a9063c0b3d06bd6f3747ff47ff76e6da9b23934c4904368ef381431f2ca1e988'/>
      </properties>
    </artifact>
    <artifact classifier='osgi.bundle' id='org.eclipse.core.contenttype' version='3.7.0.v20180426-1644'>
      <properties size='5'>
        <property name='download.size' value='105529'/>
        <property name='artifact.size' value='105529'/>
        <property name='download.md5' value='b5dc88d042411254b11a594be9f94301'/>
        <property name='download.checksum.md5' value='b5dc88d042411254b11a594be9f94301'/>
        <property name='download.checksum.sha-256' value='d2ebd92d7044600cfa49695c1a24c2ef6253369342f4175eeff3168234b0c0e1'/>
      </properties>
    </artifact>
    <artifact classifier='osgi.bundle' id='org.eclipse.ecf.identity' version='3.9.0.v20180426-1936'>
      <properties size='5'>
        <property name='download.size' value='64806'/>
        <property name='artifact.size' value='64806'/>
        <property name='download.md5' value='7fe6860acf6f19723791eb537e705a20'/>
        <property name='download.checksum.md5' value='7fe6860acf6f19723791eb537e705a20'/>
        <property name='download.checksum.sha-256' value='093c9c7e0f139812fd451bdfda158a810510486aae6a78a0e4d2d5924469b9e3'/>
      </properties>
    </artifact>
    <artifact classifier='osgi.bundle' id='org.eclipse.tycho.noopsecurity' version='1.3.0'>
      <properties size='8'>
        <property name='artifact.size' value='5013'/>
        <property name='download.size' value='5013'/>
        <property name='maven-groupId' value='org.eclipse.tycho'/>
        <property name='maven-artifactId' value='org.eclipse.tycho.noopsecurity'/>
        <property name='maven-version' value='1.3.0'/>
        <property name='download.md5' value='bd6b723dba972ae2ab8343178f3c8c5a'/>
        <property name='download.checksum.md5' value='bd6b723dba972ae2ab8343178f3c8c5a'/>
        <property name='download.checksum.sha-256' value='d9a6fc7267729c81272ec1be301cb28f8bcc348d7b4c27610c883c5cfd823b89'/>
      </properties>
    </artifact>
    <artifact classifier='osgi.bundle' id='org.tukaani.xz' version='1.8.0.v20180207-1613'>
      <properties size='5'>
        <property name='download.size' value='128232'/>
        <property name='artifact.size' value='128232'/>
        <property name='download.md5' value='0cd7ec10b7a4a1e7abea3797e05543d8'/>
        <property name='download.checksum.md5' value='0cd7ec10b7a4a1e7abea3797e05543d8'/>
        <property name='download.checksum.sha-256' value='fa14c8f465b76f01320b6471f52a3803df30a7151d95256032b99af461698147'/>
      </properties>
    </artifact>
    <artifact classifier='osgi.bundle' id='org.eclipse.equinox.simpleconfigurator' version='1.3.0.v20180502-1828'>
      <properties size='5'>
        <property name='download.size' value='45902'/>
        <property name='artifact.size' value='45902'/>
        <property name='download.md5' value='e6b33ee307971cd1e02207a3d40e0fe3'/>
        <property name='download.checksum.md5' value='e6b33ee307971cd1e02207a3d40e0fe3'/>
        <property name='download.checksum.sha-256' value='b70c6df73572dbecdef7ec02f99ee26c03be8a62bdac2e953ccbe9fa299616a6'/>
      </properties>
    </artifact>
    <artifact classifier='osgi.bundle' id='org.eclipse.equinox.p2.director' version='2.4.0.v20180302-1057'>
      <properties size='5'>
        <property name='download.size' value='107959'/>
        <property name='artifact.size' value='107959'/>
        <property name='download.md5' value='36d4989adc82985f27b829a511cb2f4a'/>
        <property name='download.checksum.md5' value='36d4989adc82985f27b829a511cb2f4a'/>
        <property name='download.checksum.sha-256' value='cfe2cf46623f5a223ee39dc4860af55eccd3cfe4f8bb02d0e33c41342a88d8ab'/>
      </properties>
    </artifact>
    <artifact classifier='osgi.bundle' id='org.eclipse.osgi' version='3.13.0.v20180409-1500'>
      <properties size='5'>
        <property name='download.size' value='1428984'/>
        <property name='artifact.size' value='1428984'/>
        <property name='download.md5' value='167d9694d7dd0d3726eee777213d8299'/>
        <property name='download.checksum.md5' value='167d9694d7dd0d3726eee777213d8299'/>
        <property name='download.checksum.sha-256' value='41dadca89d5d9d6479ac46bc3ac215b1d69ce80f540d6a2f31e147206a4269c7'/>
      </properties>
    </artifact>
    <artifact classifier='osgi.bundle' id='org.eclipse.osgi.util' version='3.5.0.v20180219-1511'>
      <properties size='5'>
        <property name='download.size' value='73316'/>
        <property name='artifact.size' value='73316'/>
        <property name='download.md5' value='8599ee220e59e1f7899eea075e71c3a3'/>
        <property name='download.checksum.md5' value='8599ee220e59e1f7899eea075e71c3a3'/>
        <property name='download.checksum.sha-256' value='f54a530e64d034a6c126acbe70f600886b7d344cc59a4c4ab26672ed138927d9'/>
      </properties>
    </artifact>
    <artifact classifier='osgi.bundle' id='org.eclipse.equinox.p2.transport.ecf' version='1.2.0.v20180222-0922'>
      <properties size='5'>
        <property name='download.size' value='44228'/>
        <property name='artifact.size' value='44228'/>
        <property name='download.md5' value='ed8f53b3908d4c890eac27755347318e'/>
        <property name='download.checksum.md5' value='ed8f53b3908d4c890eac27755347318e'/>
        <property name='download.checksum.sha-256' value='b624d40e58805539e8cfe85044fba1348752a5ede1df0933fa2bfa01bda01a11'/>
      </properties>
    </artifact>
    <artifact classifier='osgi.bundle' id='org.eclipse.equinox.p2.publisher.eclipse' version='1.3.0.v20180320-1332'>
      <properties size='5'>
        <property name='download.size' value='237687'/>
        <property name='artifact.size' value='237687'/>
        <property name='download.md5' value='c596e6f673d55234ac632f68e9eb154c'/>
        <property name='download.checksum.md5' value='c596e6f673d55234ac632f68e9eb154c'/>
        <property name='download.checksum.sha-256' value='f122219d32f925e752c54917e5bf8a3dccdcfe58a90dc4f6c3610bc8a1d3ecc6'/>
      </properties>
    </artifact>
    <artifact classifier='osgi.bundle' id='org.eclipse.ecf.provider.filetransfer' version='3.2.400.v20180306-0429'>
      <properties size='5'>
        <property name='download.size' value='129428'/>
        <property name='artifact.size' value='129428'/>
        <property name='download.md5' value='6f2efe083d21cd86324f6da46e603bca'/>
        <property name='download.checksum.md5' value='6f2efe083d21cd86324f6da46e603bca'/>
        <property name='download.checksum.sha-256' value='b975b121b82f4b885d4f9883ceb69c7b4d1b37e8cc5e2ce64ee7d805d57e0cf8'/>
      </properties>
    </artifact>
    <artifact classifier='osgi.bundle' id='org.apache.commons.codec' version='1.9.0.v20170208-1614'>
      <properties size='5'>
        <property name='download.size' value='291070'/>
        <property name='artifact.size' value='291070'/>
        <property name='download.md5' value='db34c263e26d19b8cb884675eca82b57'/>
        <property name='download.checksum.md5' value='db34c263e26d19b8cb884675eca82b57'/>
        <property name='download.checksum.sha-256' value='3de3e0aaa2d65ccaa558c87e23c55fa1587fec9ef360cc8f69008a3f400abe91'/>
      </properties>
    </artifact>
    <artifact classifier='osgi.bundle' id='org.eclipse.equinox.p2.jarprocessor' version='1.1.0.v20180512-1128'>
      <properties size='5'>
        <property name='download.size' value='73258'/>
        <property name='artifact.size' value='73258'/>
        <property name='download.md5' value='627d71df32ef54520694e9a733d5558b'/>
        <property name='download.checksum.md5' value='627d71df32ef54520694e9a733d5558b'/>
        <property name='download.checksum.sha-256' value='896638d5098ea4da7b9205fe81096c25d86b665461899f7e405d6b3a0df5f0ce'/>
      </properties>
    </artifact>
    <artifact classifier='osgi.bundle' id='org.eclipse.equinox.p2.repository.tools' version='2.2.0.v20180416-1436'>
      <properties size='5'>
        <property name='download.size' value='253405'/>
        <property name='artifact.size' value='253405'/>
        <property name='download.md5' value='2d73dfc42dcee73874e76106c6881d45'/>
        <property name='download.checksum.md5' value='2d73dfc42dcee73874e76106c6881d45'/>
        <property name='download.checksum.sha-256' value='28164a46c404865b0697a4ecd67c5e70b5bb593d676de3d634c81d786f83391e'/>
      </properties>
    </artifact>
    <artifact classifier='osgi.bundle' id='org.eclipse.equinox.p2.director.app' version='1.1.0.v20180502-1549'>
      <properties size='5'>
        <property name='download.size' value='55949'/>
        <property name='artifact.size' value='55949'/>
        <property name='download.md5' value='89f7615790037077e6aaae6e07363976'/>
        <property name='download.checksum.md5' value='89f7615790037077e6aaae6e07363976'/>
        <property name='download.checksum.sha-256' value='53ad10373703237ae97b50be7cfa2d098cb4da39c1a6dbf5ba9a76e1446257d5'/>
      </properties>
    </artifact>
  </artifacts>
</repository>
